Plot,Species,Lifeform,Treatment,Structure,photo,lma,wp,leaf.n,g,e,phis2,wue,rld,srl,rdiam,fitness,canopy,rtd,relfit,relcanopy
A2-8,Arca,P,M,A,24.81447292,57.9345421,-1.85,3.605,0.302285714,3.982857143,0.239,6.06456241,2.366968609,32.89355641,0.4699,757,0.801705,0.175503356,0.382755952,-0.206232673
A3-2,Arca,P,M,A,14.95255359,76.4120093,-2.05,3.26,0.1125,1.864285714,0.199,8.222222222,,,,2814,1.14048,,1.422820671,0.129188119
A4-6,Arca,P,M,A,26.44014276,68.85993502,-2.05,3.12,0.186,2.945333333,0.284,9.764599366,5.59583276,18.73755639,0.355,4352,2.283876,0.538734177,2.200467506,1.261263366
A5-5,Arca,P,M,A,32.48323759,57.92657758,-2,3.08,0.508571429,6.114285714,0.284,5.295950156,,,,7131,1.135575,,3.605591403,0.124331683
A6-5,Arca,P,M,A,24.29757857,52.96034156,-2.3,2.88,0.416435519,6.334528789,0.172497137,4.256783005,5.172786135,46.0738375,0.3466,37,0.4977,0.229885057,0.018708019,-0.507227723
A7-3,Arca,P,M,A,18.77576282,60.05455495,-2.1,2.84,0.292133333,4.08,0.262,4.918300654,5.660010686,74.03726248,0.2557,2790,0.57072,0.263135593,1.41068574,-0.434930693
A8-8,Arca,P,M,A,20.61544713,71.50693168,-2.2,3.11,0.201185185,3.211851852,0.216,7.403136531,3.835523704,27.07001905,0.3318,9706,0.78174,0.426829268,4.907568385,-0.226
B1-9,Arca,P,H,B,27.60819512,108.4947458,-2.05,2.19,0.2606,3.646,0.212,7.427317608,5.575903227,23.26954517,0.3726,1438,0.51,0.394348894,0.727084622,-0.495049505
B2-4,Arca,P,H,B,20.16617446,65.92842262,-1.8,3.197504303,0.200490532,3.23041127,0.217168336,6.474130717,6.243904066,91.00513636,0.321,4276,1.376622,0.135802469,2.162040224,0.362992079
B3-7,Arca,P,H,B,36.57114344,73.31438558,-2,3.157752809,0.506,6.79,0.248,5.312223859,,,,5788,0.82344,,2.926540883,-0.184712871
B4-2,Arca,P,H,B,21.11903975,70.63796019,-1.5,3.26,0.18356,3.476469855,0.23447336,6.595612679,5.973035851,22.86150286,0.336,1678.5,0.858494,0.492957746,0.848686744,-0.150005941
B5-2,Arca,P,H,B,24.53043985,71.59795305,-1.65,3.1,0.2995,4.27,0.218,5.786885246,9.896709136,32.65857297,0.3823,2509.5,1.4406,0.266810345,1.268858733,0.426336634
B6-1,Arca,P,H,B,22.46155835,56.41438388,-1.75,3.596842105,0.209183333,4.003736553,0.219062261,6.021141608,,,,481,1.13498,,0.243204244,0.123742574
B7-8,Arca,P,H,B,23.33704603,94.62166206,-1.7,2.557786218,0.214742857,3.115428571,0.237,7.633895818,5.607721668,88.60304348,0.4255,2402,3.02085,0.079310345,1.214504354,1.990940594
B8-6,Arca,P,H,B,20.43525145,79.63940497,-1.4,3.259555048,0.199647059,2.888235294,0.197,7.845213849,,,,7842,1.3516,,3.965088737,0.338217822
C2-3,Arca,P,H,C,43.48193678,65.22129345,-1.6,3.43,0.501904762,4.866666667,0.276,8.043052838,5.749969142,31.47111594,0.3755,896,1.63175,0.286902287,0.453037428,0.615594059
C3-6,Arca,P,H,C,31.54989386,,-1.4,4.705,0.516666667,6.522222222,0.203,4.679727428,3.439216809,52.95634483,0.3918,831,1.0846,0.15647482,0.420171989,0.073861386
C4-4,Arca,P,H,C,20.39573635,61.37932173,-1.35,3.43,0.1228,1.396,0.22,13.93505253,4.870510981,26.41279646,0.3609,2058,0.789488,0.370491803,1.040570342,-0.218328713
C5-9,Arca,P,H,C,28.76423582,51.71306639,-1.5,4.31,0.329666667,4.422222222,0.311,6.424623116,,,,1994,2.19705,,1.008210525,1.17529703
C6-9,Arca,P,H,C,28.35125098,55.67826857,-1.9,3.93,0.317111111,3.722222222,0.217,7.63880597,,,,4280,2.3562,,2.164062713,1.332871287
C7-7,Arca,P,H,C,13.56205846,69.28211669,-1.8,3.69,0.149916667,2.27,0.204,6.196769457,6.95656245,150.4177931,0.2479,6705,1.485,0.138095238,3.390196376,0.47029703
C8-4,Arca,P,H,C,26.66721645,61.8990643,-1.925,3.47,0.449166667,6.275,0.261,4.634794157,6.401990798,103.3705172,0.321,1848,0.913752,0.119411765,0.934389695,-0.09529505
D1-2,Arca,P,L,D,38.4296323,61.8922508,-1.525,3.56,0.396051324,5.094300199,0.203334613,7.781828544,7.123100542,122.1908025,0.2914,696.5,0.69615,0.122727273,0.352165813,-0.310742574
D3-8,Arca,P,L,D,7.642982966,63.02058867,-2.2,2.99,0.29581293,4.282566309,0.127202449,1.845609225,,,,1144.5,0.40803,,0.578684527,-0.596009901
D4-6,Arca,P,L,D,20.97029948,93.01214129,-1.25,2.59,0.384858695,5.979164661,0.19441952,3.777848439,3.438989653,113.5356371,0.2593,3574,1.053,0.167096774,1.80709349,0.042574257
D5-1,Arca,P,L,D,10.52104352,60.65229522,-1.9,3.11,0.354903508,5.042826941,0.176700528,2.152268495,4.194619168,4.967237822,0.4287,2021,0.66456,1.393213573,1.021862323,-0.342019802
D6-2,Arca,P,L,D,5.236098619,54.9450187,-1.8,3.11,0.264555504,3.593306659,0.111699286,1.496122127,,,,239.5,0.15776,,0.1210965,-0.84380198
D7-3,Arca,P,L,D,7.170620236,63.03696563,-2,2.49,0.284330268,3.862693965,0.143808979,1.735973108,,,,13.5,0.33945,,0.006825899,-0.663910891
E1-6,Arca,P,L,E,24.12029673,64.96123758,-1.5,3.03,0.273498927,4.369132221,0.220620818,5.599451994,1.239410398,103.3932927,0.4512,669.5,0.378,0.060294118,0.338514015,-0.625742574
E2-9,Arca,P,L,E,29.13751775,66.98791402,-1.75,3.04,0.249761695,4.109288165,0.191981509,7.773597237,3.841388279,43.06653555,0.3107,1224,0.65268,0.306018519,0.618881486,-0.353782178
E3-1,Arca,P,L,E,16.35060589,81.05718576,-1.6,2.97,0.112348309,1.83876578,0.17814101,10.06815957,,,,2594,1.310496,,1.311583803,0.297520792
E4-4,Arca,P,L,E,18.91292443,71.80805322,-1.75,2.98,0.170710098,2.834716926,0.149399047,7.409618947,5.663772453,73.14820313,0.3103,230.5,0.6052,0.18079096,0.116545901,-0.400792079
E5-7,Arca,P,L,E,16.51839224,60.41895926,-1.9,2.53,0.186999134,3.358221008,0.122540556,5.700528423,,,,2954,0.844966,,1.493607769,-0.1634
E6-3,Arca,P,L,E,15.92944856,65.90341648,-1.9,3.53,0.192300326,3.034819521,0.135721732,5.78592721,3.230763459,93.39498221,0.288,517.5,0.222208,0.164327485,0.261659452,-0.779992079
E7-5,Arca,P,L,E,13.62191294,86.80226396,-1.55,3.29,0.157166667,2.113888889,0.234,6.662286465,,,,1733,0.334818,,0.87624315,-0.66849703
E8-4,Arca,P,L,E,19.46994915,71.18177291,-1.4,2.64,0.148369766,1.583844165,0.200153486,11.31737629,3.232616803,180.882454,0.2402,482,0.40851,0.121641791,0.243709866,-0.595534653
F1-2,Arca,P,M,F,19.12803188,57.371875,-1.8,3.07,0.2117,3.467,0.188,6.005191808,8.663745988,29.36226516,0.3099,626,0.71424,0.452150538,0.316519453,-0.292831683
F2-7,Arca,P,M,F,27.44641243,69.78191582,-1.766666667,3.003138327,0.374614273,5.240105332,0.217220028,5.030585145,4.2760286,160.8094444,0.4183,1664,0.57405,0.045283019,0.841355223,-0.431633663
F3-9,Arca,P,M,F,12.99320341,69.59374905,-1.85,2.596177559,0.1831,4.63,0.24,4.257019438,6.610843222,23.03709119,0.3485,594,0.962535,0.455452436,0.300339545,-0.04699505
F6-4,Arca,P,M,F,18.06230902,72.98630173,-2,2.683249053,0.178357143,2.360714286,0.199,6.335854766,5.40142035,80.35118998,0.4361,325.5,0.599256,0.083304348,0.164580003,-0.406677228
F7-6,Arca,P,M,F,14.15373564,66.38190291,-1.8,2.96,0.2256875,2.7875,0.263,4.946188341,5.731111903,41.925923,0.2967,2293.5,1.08528,0.344557823,1.159644353,0.074534653
F8-4,Arca,P,M,F,17.39695415,63.02079985,-1.525,3.59,0.128633651,1.561734702,0.111229247,11.00495729,,,,65,0.374463,,0.032865438,-0.629244554
G1-6,Arca,P,H,G,19.4880886,57.8798626,-1.35,3.21,0.228666667,2.84,0.271,6.72143975,,,,1196,0.97461,,0.604724066,-0.035039604
G2-7,Arca,P,H,G,8.959042706,74.6508846,-1.7,2.55,0.107214286,1.311428571,0.154,6.323529412,6.753112171,85.16778761,0.2978,570,1.1526,0.168656716,0.288204614,0.141188119
G3-1,Arca,P,H,G,13.79738491,72.333478,-1.75,3.02,0.233357143,3.4,0.192,4.107142857,7.954441584,66.01025756,0.3292,738,1.038906,0.177888446,0.373149131,0.028619802
G4-5,Arca,P,H,G,20.99375835,69.11124933,-1,2.24,0.336428571,3.8,0.204,5.372180451,4.569251274,19.80037292,0.3833,580,1.35828,0.437939698,0.293260835,0.344831683
G5-9,Arca,P,H,G,19.62156771,83.8776275,-1.5,2.31,0.395294118,5.152941176,0.197,3.76826484,,,,4496,3.520746,,2.273277093,2.485887129
G6-2,Arca,P,H,G,16.39500482,62.49443023,-1.05,2.39047619,0.2945,3.78,0.214,4.252645503,5.633403454,20.57615113,0.3925,1171,1.088728,0.401953819,0.592083513,0.077948515
G7-9,Arca,P,H,G,10.83256443,81.25492571,-1.25,2.62,0.1625,2.430714286,0.195,4.766382604,5.592407952,18.0180021,0.3439,1956,0.289536,0.598113208,0.988996885,-0.713330693
H1-3,Arca,P,L,H,25.34834185,74.91017553,-2.2,2.99,0.222666667,3.478666667,0.238,8.137217325,4.275233142,96.61559871,0.2925,1152,0.55566,0.153731343,0.582476693,-0.449841584
H2-4,Arca,P,L,H,18.43967364,63.38323886,-1.9,3.27,0.165925926,2.78962963,0.225,7.833244822,,,,1656,0.664332,,0.837310246,-0.342245545
H3-1,Arca,P,L,H,23.85462899,54.96156753,-2.4,3.65,0.221,2.921428571,0.221,6.975550122,3.720951048,13.26996565,0.3266,18,0.6634,0.897797357,0.009101198,-0.343168317
H4-9,Arca,P,L,H,16.27383321,78.44314923,-2.2,3.21,0.1538,1.77,0.232,8.305084746,4.759916223,121.0639943,0.2754,764,1.05735,0.138431373,0.386295307,0.046881188
H5-4,Arca,P,L,H,36.11902224,66.67350018,-2.4,2.99,0.326555556,3.538888889,0.224,9.152276295,,,,81.5,0.8848,,0.041208204,-0.123960396
H6-3,Arca,P,L,H,10.66690208,79.5042115,-1.95,2.75,0.1058,1.238,0.209,8.206785137,4.490097383,11.90955409,0.5631,342,0.4284,0.012287582,0.172922768,-0.575841584
H7-1,Arca,P,L,H,50.49405919,67.66573789,-1.95,2.86,0.3968,4.52,0.287,10.13274336,2.883261678,27.74894805,0.3568,77,0.971702,0.359813084,0.038932904,-0.037918812
H8-2,Arca,P,L,H,34.13124922,62.13569278,-2,2.6,0.254333333,3.0125,0.234,11.1922545,,,,15,0.453618,,0.007584332,-0.550873267
I1-4,Arca,P,M,I,18.63104617,73.43246731,-1.575,3.26,0.242,4.15,0.224,5.438554217,3.320314853,19.64628975,0.3694,1923,1.95845,0.109663866,0.972311354,0.939059406
I2-7,Arca,P,M,I,8.159245024,68.19105435,-1.5,2.25,0.067,1.352,0.194,8.165680473,,,,282,1.11807,,0.14258544,0.107
I3-2,Arca,P,M,I,13.14795665,74.53025855,-1.95,2.1,0.284370288,4.323343062,0.122726527,3.161266499,6.163248622,70.90337727,0.4826,1902,1.3013,0.087547649,0.96169329,0.288415842
I4-9,Arca,P,M,I,30.31025486,76.45901102,-1.65,2.87,0.305958054,4.505001274,0.222028357,6.981316975,4.322085004,9.366782905,0.3861,1148,0.85224,0.912440191,0.580454204,-0.15619802
I5-3,Arca,P,M,I,28.52178004,66.60979865,-1.75,2.93,0.362722531,5.515962574,0.207251967,5.233139282,7.763459387,84.1294835,0.279,828,1.084122,0.194150418,0.418655123,0.073388119
I6-4,Arca,P,M,I,13.91868816,59.61550385,-2,2.48,0.217969849,3.082448119,0.175203919,4.409721841,,,,387,0.5168,,0.195675764,-0.488316832
I7-2,Arca,P,M,I,20.94063635,69.8715044,-1.45,2.45,0.3316,4.748,0.23,4.776748104,4.329826667,41.650875,0.3591,836.5,1.15128,0.1115727,0.422952911,0.139881188
I8-6,Arca,P,M,I,19.39236402,65.26328842,-1.65,3.54,0.206470588,2.382352941,0.257,7.474074074,,,,10160,1.807234,,5.137120832,0.789340594
A1-8,Avba,A,M,A,17.5603286,71.4987715,-1.3,1.86,0.159385802,1.671067396,0.102339221,9.213172559,2.121103997,100.7605556,0.327,5.66,0.054378,0.117757009,0.520825571,-0.011309091
A2-7,Avba,A,M,A,40.21083886,54.88881045,-1.5,4.75,0.534527287,5.027731911,0.237,7.177033493,4.562834019,85.31058309,0.3459,40.32,0.04914,0.124727273,3.710192051,-0.106545455
A3-6,Avba,A,M,A,25.10305001,45.42735043,-1.3,3.38,0.298800962,4.114513354,0.145601889,6.084679261,4.495514648,85.84039216,0.3447,21.56,0.03348,0.124897959,1.983922138,-0.391272727
A4-9,Avba,A,M,A,20.36219338,59.95824635,-1.15,3.18,0.279434663,4.627953542,0.164,4.620253165,,,,5.6,0.019516,,0.515304451,-0.645163636
A5-3,Avba,A,M,A,32.417548,50.70291982,-2,4.9,0.326539704,3.407951888,0.193,7.437908497,,,,19.1,0.026448,,1.757556254,-0.519127273
A5-4,Avba,A,M,A,31.14621408,69.21247357,-1.1,3.22,0.418064603,3.722565169,0.208,5.997171146,,,,4.8,0.064554,,0.44168953,0.173709091
A6-4,Avba,A,M,A,16.17537553,63.10559006,-1.6,2.97,0.26846645,5.436686181,0.193,4.212389381,2.133949884,82.71856,0.3377,10.05,0.053352,0.134408602,0.924787453,-0.029963636
A7-5,Avba,A,M,A,25.89832715,42.47235611,-1.4,3.92,0.394840593,4.036278469,0.164,5.660377358,2.853341134,68.28965649,0.3681,11.14,0.035568,0.137894737,1.025087784,-0.353309091
A8-5,Avba,A,M,A,9.319691251,63.8483965,-1.6,2.29,0.069687741,1.197743478,0.122812198,8.740860967,,,,5.43,0.0495,,0.499661281,-0.1
B1-8,Avba,A,H,B,17.22266033,59.54068614,-1.4,3.86,0.231372739,4.728201766,0.19684179,4.914669854,3.940384353,95.94321608,0.2786,15.26,0.05292,0.171551724,1.40420463,-0.037818182
B2-1,Avba,A,H,B,16.05420263,65.27001862,-1.1,2.23,0.155271456,1.879007204,0.080173336,7.423067634,,,,6.07,0.026144,,0.558553218,-0.524654545
B3-3,Avba,A,H,B,14.78015012,60.62222222,-0.95,2.31,0.292600997,4.927509026,0.134950241,3.565502153,2.869168701,93.60120482,0.3291,15.42,0.100567,0.125757576,1.418927615,0.828490909
B4-6,Avba,A,H,B,27.16510719,58.72504829,-1.1,4,0.363498615,3.440833225,0.168500118,6.208204478,2.964153838,107.0531507,0.2869,15.06,0.041477,0.144554455,1.3858009,-0.245872727
B5-6,Avba,A,H,B,11.94440117,39.66480447,-1.4,3.74,0.124903792,2.134808472,0.116608606,6.52961865,2.408848327,111.705,0.2869,5.86,0.145464,0.138461538,0.539229301,1.6448
B6-4,Avba,A,H,B,30.2137356,49.39056704,-1.2,3,0.338917143,3.548975192,0.147,7.148217636,,,,0.98,0.015096,,0.090178279,-0.725527273
B7-9,Avba,A,H,B,29.82920843,44.37201217,-2.5,4.59,0.300147924,3.108076046,0.175407576,8.269854022,1.084335713,100.1585185,0.2947,35.53,0.1386,0.145945946,3.269422707,1.52
B8-3,Avba,A,H,B,25.11307402,48.5045045,-1.25,2.61,0.214783372,3.61427662,0.160595603,6.158980134,,,,5.89,0.080454,,0.541989861,0.4628
C1-9,Avba,A,H,C,27.41605105,57.7383592,-1.4,3.24,0.367951761,5.126988265,0.170997844,5.54890139,3.491634216,67.78424149,0.2994,6.17,0.04092,0.20974026,0.567755083,-0.256
C2-9,Avba,A,H,C,25.99849134,47.37836561,-1.7,3.7,0.356387126,4.753313287,0.206,5.745079663,,,,16.58,0.11232,,1.525669251,1.042181818
C3-8,Avba,A,H,C,15.94480814,54.51343021,-0.75,3.09,0.236125047,4.405992904,0.191,4.789053592,3.602127,114.7850932,0.2729,8.03,0.069174,0.149074074,0.738909776,0.257709091
C4-5,Avba,A,H,C,27.25164967,56.34042553,-1,2.85,0.269461212,2.350791131,0.155004993,9.515386093,2.389962062,92.66242647,0.3227,3.55,0.02112,0.132038835,0.326666215,-0.616
C5-8,Avba,A,H,C,7.619654834,79.29743737,-1.45,2.15,0.076021873,1.303232107,0.139,6.857993197,,,,15.64,0.0138,,1.439171718,-0.749090909
C6-3,Avba,A,H,C,46.70593583,41.13038612,-1.8,4.52,0.65944956,7.77556969,0.240305099,5.416756242,2.610374527,80.19341317,0.3464,42.37,0.014,0.132539683,3.898830287,-0.745454545
C7-9,Avba,A,H,C,15.96241204,59.03614458,-0.9,2.98,0.098611607,1.303255345,0.115749206,10.74864884,1.175675279,75.39625,0.2872,7.62,0.078,0.205128205,0.701182129,0.418181818
C8-7,Avba,A,H,C,30.03720524,57.58374106,-0.7,3.14,0.441582914,6.649977971,0.219709741,4.71688436,,,,20.27,0.123728,,1.865218077,1.2496
D1-9,Avba,A,L,D,9.943817054,66.15031555,-1.95,2.38,0.058346966,0.856898029,0.139,12.45454545,1.763727899,88.10257732,0.3122,3.16,0.045402,0.149230769,0.29077894,-0.174509091
D2-5,Avba,A,L,D,14.53129187,65.64939674,-2.2,3.18,0.161564228,1.629664252,0.174,8.130975143,,,,3.4,0.025935,,0.312863417,-0.528454545
D3-7,Avba,A,L,D,7.598635447,52.10994967,-2.2,4.71,0.097517692,2.448704777,0.133868545,5.343509605,3.504583815,88.27372093,0.3241,10.98,0.02448,0.136942675,1.0103648,-0.554909091
D4-5,Avba,A,L,D,29.09587164,52.96222664,-2.3,4.01,0.499386753,5.233573172,0.143,4.669211196,9.149482761,62.79903676,0.4116,2.62,0.012012,0.119726859,0.241088868,-0.7816
D5-8,Avba,A,L,D,13.78371501,58.63970588,-2,3.38,0.112328727,1.355002723,0.113,8.245700246,1.525570478,144.9408696,0.2595,4.52,0.011934,0.130188679,0.415924307,-0.783018182
D6-8,Avba,A,L,D,4.433190345,63.62017804,-2,2.9,0.063937113,2.292707135,0.144748385,3.347032787,,,,7.3,0.01848,,0.67173616,-0.664
D7-7,Avba,A,L,D,26.03106236,50.70671378,-2.4,5.1,0.342039543,4.823051272,0.164172815,5.200657769,6.883372021,71.65269565,0.3693,9.36,0.044544,0.130385488,0.861294583,-0.190109091
D8-7,Avba,A,L,D,25.05117184,57.44941754,-2.5,4.22,0.179779231,1.91231834,0.188,11.62952646,,,,10.03,0.038584,,0.92294708,-0.298472727
E1-7,Avba,A,L,E,13.0164756,49.05905256,-2.8,4.04,0.065669549,0.794578172,0.15,14.14705882,,,,5.12,0.015873,,0.471135499,-0.7114
E2-3,Avba,A,L,E,5.020850808,65.60992419,-2.8,3.14,0.057407899,0.943307676,0.103,6.00660066,3.334776995,87.20073394,0.337,7.6,0.013986,0.128235294,0.699341756,-0.745709091
E3-4,Avba,A,L,E,14.59658415,70.43372022,-2.35,2.53,0.064507425,0.73722772,0.149,17.64175258,,,,4.14,0.01881,,0.380957219,-0.658
E4-9,Avba,A,L,E,26.58211414,52.19008264,-2.2,4.12,0.175510744,2.431140152,0.195,9.469879518,0.876732316,54.82255102,0.4006,9.55,0.031824,0.144117647,0.878778127,-0.421381818
E5-5,Avba,A,L,E,14.69941971,47.26911619,-1.7,1.69,0.177453919,2.907753693,0.141,6.304068522,0.754779636,205.3509091,0.2574,11.23,0.018018,0.091666667,1.033369463,-0.6724
E6-5,Avba,A,L,E,19.51880357,57.39743058,-2.3,2.99,0.188047226,2.706474097,0.201,7.056277056,,,,1.98,0.02214,,0.182196931,-0.597454545
E7-8,Avba,A,L,E,11.2307984,53.39178588,-2.4,4.38,0.089849272,1.618967512,0.18638298,8.361457464,4.816029928,79.68058047,0.3924,8.74,0.021216,0.103835616,0.804243019,-0.614254545
E8-9,Avba,A,L,E,6.303183103,68.67612293,-1.5,2.39,0.074583935,1.437602967,0.180329361,6.038108364,2.439205434,51.84762712,0.432,2.18,0.018228,0.131696429,0.200600661,-0.668581818
F1-8,Avba,A,M,F,13.99235731,61.03896104,-1.9,2.58,0.130117323,2.104473724,0.126826832,7.151351425,2.596673292,53.24543165,0.3161,4.76,0.02261,0.239655172,0.438008784,-0.588909091
F2-5,Avba,A,M,F,25.1554192,44.67120181,-1.5,3.41,0.23842748,2.085508179,0.217,9.831460674,4.654768914,115.5100995,0.2911,14.22,0.046905,0.130519481,1.308505232,-0.147181818
F3-5,Avba,A,M,F,22.4135274,54.75866757,-1.2,3.54,0.287230235,4.508119426,0.246,5.816435432,1.963861859,99.95459184,0.2729,19.99,0.08418,0.171929825,1.839452855,0.530545455
F4-9,Avba,A,M,F,33.51603754,54.64864865,-1.35,3.56,0.323555906,3.404658481,0.18852282,8.298558564,,,,16.58,0.037296,,1.525669251,-0.321890909
F5-7,Avba,A,M,F,30.98513292,70.04900548,-1.5,4.06,0.489820231,6.543865299,0.209,4.868755292,,,,8.49,0.0504,,0.781238356,-0.083636364
F6-9,Avba,A,M,F,25.94142509,67.32923744,-1.65,2.95,0.431493214,6.369661731,0.186,4.213098729,3.245068147,52.00911854,0.3499,10.8,0.03876,0.199393939,0.993801442,-0.295272727
F7-4,Avba,A,M,F,24.76104212,56.04182804,-1.4,3.22,0.498530185,7.252413273,0.174,3.933764136,,,,5.29,0.03348,,0.486778669,-0.391272727
F8-3,Avba,A,M,F,30.06370028,69.07829534,-1.3,3.16,0.475701032,6.288717838,0.199,5.217821782,2.585992809,76.31252525,0.3423,27.03,0.06566,0.142446043,2.487264165,0.193818182
G1-9,Avba,A,H,G,16.80868095,62.18402427,-1.7,2.89,0.145282592,1.586977993,0.188,9.686231082,1.816690506,131.0882278,0.2222,7.73,0.09472,0.1975,0.71130418,0.722181818
G2-8,Avba,A,H,G,34.68579476,39.1611802,-1.5,4.5,0.614460191,6.923865908,0.14,4.342205323,4.352854338,122.8676329,0.2524,19.19,0.46,0.162992126,1.765837933,
G3-5,Avba,A,H,G,20.66870242,60.59013743,-1.2,2.04,0.143058127,1.549050456,0.134,11.52277362,2.161519668,102.6804545,0.2448,16.45,0.09408,0.20625,1.513706826,0.710545455
G4-4,Avba,A,H,G,29.30748055,63.06702776,-1.2,2.28,0.53898555,5.75142684,0.16703966,4.497755744,,,,5.34,0.06726,,0.491379602,0.222909091
G5-8,Avba,A,H,G,8.641267917,60.96829477,-1.4,2.09,0.110851445,1.458284646,0.138,6.634615385,,,,2.4227,0.010584,,0.222933588,-0.807563636
G6-6,Avba,A,H,G,19.20374897,49.3964997,-2.05,4.14,0.23062002,3.922646465,0.196,5.691275168,4.048059035,90.27744275,0.3028,15.23,0.08424,0.154117647,1.401444071,0.531636364
G7-8,Avba,A,H,G,40.01139354,44.75524476,-1.65,4.98,0.590890419,7.104383221,0.237,5.083260298,3.816476539,127.7597987,0.2785,8.86,0.013932,0.128448276,0.815285257,-0.746690909
G8-8,Avba,A,H,G,42.93454406,36.33295838,-1.9,5.07,0.820208402,8.002404806,0.260137878,4.743626743,,,,,,,,
H1-8,Avba,A,L,H,25.34665175,53.32475332,-2.8,4.45,0.26208229,3.594844036,0.122295684,5.950892504,1.037121825,179.4735714,0.245,14.07,0.043904,0.116666667,1.294702434,-0.201745455
H2-6,Avba,A,L,H,7.4244268,61.53846154,-1.9,2.34,0.07150071,1.124504645,0.136,6.977040816,,,,2.71,0.00486,,0.249370547,-0.911636364
H4-7,Avba,A,L,H,4.159124244,50.92190889,-1.8,3.13,0.054917318,0.959496454,0.126,5.197923426,,,,5.1,0.014688,,0.469295125,-0.732945455
H5-5,Avba,A,L,H,15.31811965,60.85740913,-1.9,3.36,0.109664924,1.423535077,0.144,10.39917695,1.6431081,69.8377193,0.324,9.22,0.03364,0.172727273,0.848411972,-0.388363636
H6-5,Avba,A,L,H,11.5971485,57.43931088,-1.55,2.64,0.113730421,1.511140316,0.132,8.282229965,,140.655,0.2625,3.14,0.01482,0.125,0.288938567,-0.730545455
H7-2,Avba,A,L,H,25.0189279,48.25174825,-1.7,3.67,0.184740049,1.815128353,0.18,12.16910312,,,,1.83,0.01463,,0.168394133,-0.734
H8-9,Avba,A,L,H,38.76781116,47.72420009,-1.5,4.15,0.476361751,4.434737486,0.206366862,7.424567403,2.476699853,97.90080292,0.321,13.08,0.05376,0.125688073,1.203603969,-0.022545455
I1-2,Avba,A,M,I,21.08468389,61.82490051,-1.9,3.25,0.264957017,3.131138982,0.133640697,6.184459951,,,,22.39,0.10792,,2.060297619,0.962181818
I2-3,Avba,A,M,I,12.02740322,71.38671875,-2.1,2.18,0.119799504,1.988424765,0.135,7.353081701,1.733816018,86.93861111,0.3779,5.2,0.008832,0.102857143,0.478496991,-0.839418182
I3-7,Avba,A,M,I,31.45480068,54.00122175,-1.85,4.09,0.420020092,5.662813836,0.194,5.429056924,,,,9.95,0.06804,,0.915585588,0.237090909
I4-4,Avba,A,M,I,8.987079304,69.3901717,-0.85,2,0.101787304,1.589699369,0.162,6.294876264,0.766267433,52.71816092,0.3764,4.52,0.050568,0.170588235,0.415924307,-0.080581818
I5-7,Avba,A,M,I,15.40614762,39.95593096,-1.35,4.09,0.124616029,1.695531568,0.156,9.660130719,1.598298156,88.88813008,0.3028,10.58,0.118188,0.155696203,0.973557339,1.148872727
I6-2,Avba,A,M,I,10.45308253,74.87153135,-1.8,1.96,0.107601199,2.303837554,0.193,6.141618497,,,,5,0.055692,,0.46009326,0.012581818
I7-6,Avba,A,M,I,35.43334563,51.03950104,-0.8,3.88,0.59813777,7.618885147,0.227,4.588804423,3.510099959,108.089799,0.2759,12.59,0.081282,0.154263566,1.158514829,0.477854545
I8-3,Avba,A,M,I,35.98213944,45.21276596,-1.45,4.23,0.501767411,5.628169589,0.235244081,6.058337421,1.396465237,161.4628302,0.2525,23.95,0.20412,0.123255814,2.203846717,2.711272727
A1-3,Brma,A,M,A,25.74561569,42.04364023,-2.2,2.99,0.318406957,3.34520754,0.136757787,6.372989834,9.437086451,148.9596835,0.2603,40.12,0.03276,0.1264,1.099644842,-0.137894737
A2-4,Brma,A,M,A,21.44404174,40.10519395,-2.1,2.98,0.220456493,2.874503389,0.176,7.395663957,,,,29.95,0.03588,,0.820896387,-0.055789474
A3-5,Brma,A,M,A,14.37343935,43.50282486,-2,2.61,0.096922972,1.324207909,0.10526535,11.45695163,5.955405127,247.0136567,0.218,24.75,0.022308,0.108064516,0.678370136,-0.412947368
A4-5,Brma,A,M,A,23.21428878,44.80151229,-1.5,2.6,0.453443172,6.4853693,0.19,3.531827515,7.855249153,133.4243895,0.3216,17.54,0.01976,0.092225201,0.480752007,-0.48
A6-9,Brma,A,M,A,8.854044169,51.10197983,-2.2,3.89,0.139893077,2.93494269,0.159,4.546906188,3.30979772,204.5859036,0.2297,41.42,0.0648,0.118571429,1.135276405,0.705263158
A7-2,Brma,A,M,A,24.97945613,45.09530451,-1.85,2.5,0.447144972,5.118018229,0.161,4.372907154,3.010585246,198.7146316,0.2496,23.94,0.034944,0.10326087,0.656168931,-0.080421053
A8-9,Brma,A,M,A,14.87975349,43.78600823,-2.7,2.97,0.179485599,2.837831643,0.159911297,5.309208259,,,,15.95,0.016354,,0.437171865,-0.569631579
B1-2,Brma,A,H,B,11.8159769,45.85839889,-1.8,3.2,0.123209637,2.870038926,0.191134366,5.900477687,,,,30.44,0.03795,,0.834326745,-0.001315789
B2-6,Brma,A,H,B,21.17584815,42.36298293,-1.75,2.25,0.322185291,3.304854343,0.096588663,5.243605111,7.17006455,208.5339796,0.2259,41.06,0.03726,0.119512195,1.125409203,-0.019473684
B3-1,Brma,A,H,B,16.08484871,46.30071599,-1.5,2.68,0.404749195,5.307423692,0.124780445,3.136076269,,,,55.79,0.07139,,1.529142217,0.878684211
B4-7,Brma,A,H,B,26.94011848,45.29411765,-1.55,3.01,0.476041818,3.820549401,0.131838451,5.363146774,,,,50.31,0.0675,,1.378941476,0.776315789
B5-1,Brma,A,H,B,17.59256811,45.65344224,-1.8,3.23,0.183956867,3.018037999,0.15957215,6.444732514,10.4345437,207.9779371,0.239,136.95,0.07488,0.107116105,3.753648085,0.970526316
B6-9,Brma,A,H,B,32.22032296,40.31856645,-2.1,3.18,0.433094838,4.779376165,0.186477122,5.977995745,9.530550602,206.6845652,0.2249,107.05,0.12376,0.121693122,2.934122143,2.256842105
B7-2,Brma,A,H,B,17.60633812,35.64735945,-2.26,3.28,0.25724009,2.875740397,0.095287082,5.528100713,12.18651236,254.8080309,0.1927,78.42,0.108072,0.134196891,2.149405497,1.844
B8-8,Brma,A,H,B,21.18326461,40.19138756,-1.4,2.87,0.225347168,3.533884086,0.126345335,4.732754007,6.346870868,160.5393074,0.2386,66.89,0.04389,0.139156627,1.833380945,0.155
C1-2,Brma,A,H,C,23.40765219,54.19847328,-1.5,2.72,0.454246741,6.022178903,0.127280097,3.836679337,15.12161481,219.5446113,0.2152,60.67,0.11368,0.125167785,1.662897622,1.991578947
C2-8,Brma,A,H,C,24.16896179,42.62505344,-1.8,3.19,0.318023955,4.02795241,0.226,6.156862745,5.828205972,325.720098,0.1827,63.58,0.17388,0.117241379,1.742657505,3.575789474
C3-2,Brma,A,H,C,13.47106523,35.14211886,-1.4,3.05,0.245104719,5.092910136,0.131534115,3.62269256,,,,43.24,0.01599,,1.185160593,-0.579210526
C4-6,Brma,A,H,C,25.5954761,39.81873112,-1.9,2.63,0.457749523,4.584815062,0.113710899,4.654800887,8.125631633,241.2491204,0.2144,118.63,0.03108,0.114893617,3.25151714,-0.182105263
C5-2,Brma,A,H,C,10.97211981,44.8038935,-1.45,2.97,0.131527126,2.364118473,0.138,5.70155902,6.258916892,290.0707317,0.2056,82.02,0.04085,0.104237288,2.248077517,0.075
C6-6,Brma,A,H,C,31.72180777,44.03306973,-1.8,3.07,0.47139879,6.696383965,0.218057377,4.750247408,9.849203448,251.0547967,0.2113,79.5,0.037023,0.113364055,2.179007103,-0.025710526
C7-2,Brma,A,H,C,19.36006765,36.76199262,-1.7,2.84,0.233956006,2.816501548,0.098993387,6.030246089,,,,42.98,0.04389,,1.17803428,0.155
C8-5,Brma,A,H,C,16.88118152,43.08943089,-1.4,2.17,0.243368061,3.803007962,0.11341261,4.656477122,,,,36.57,0.046176,,1.002343267,0.215157895
D1-1,Brma,A,L,D,17.08405125,46.97640118,-3.5,3.65,0.132593022,2.037169493,0.14,8.799368088,2.483249993,110.2705797,0.2762,7.85,0.013572,0.151648352,0.215159821,-0.642842105
D2-3,Brma,A,L,D,11.20110609,54.15986949,-4.2,2.83,0.080242379,0.965483172,0.107,11.33333333,0.919040006,275.7342105,0.2401,4.97,0.017205,0.079166667,0.136222205,-0.547236842
D3-5,Brma,A,L,D,7.779470733,48.33424358,-4.5,4.38,0.101053416,2.577594378,0.196,4.945454545,2.585900565,140.904902,0.2831,13.92,0.015466,0.113333333,0.38153181,-0.593
D4-8,Brma,A,L,D,23.04586631,48.43918192,-4.1,3.23,0.385144455,4.399000744,0.141810342,4.81279789,,,,12.74,0.015048,,0.349189314,-0.604
D5-6,Brma,A,L,D,17.29066171,49.1902834,-3.1,3.5,0.103268883,1.314849438,0.157,11.09104046,3.902471618,95.06786325,0.2946,13.96,0.014112,0.153947368,0.382628166,-0.628631579
D6-9,Brma,A,L,D,5.54549727,54.14175918,-3.6,3.47,0.084640691,2.399762062,0.203,3.451050514,3.213777847,139.6738298,0.2618,10.34,0.021672,0.133018868,0.283407968,-0.429684211
D7-6,Brma,A,L,D,6.81848754,49.69485615,-5.6,3.27,0.078012087,1.145788758,0.150098108,5.806648871,,,,18.3,0.018,,0.501582767,-0.526315789
D8-8,Brma,A,L,D,15.3854823,48.94736842,-3.4,3.23,0.095098576,1.10584158,0.123,12.57731959,,,,13.25,0.010912,,0.363167851,-0.712842105
E1-5,Brma,A,L,E,10.4998667,46.39443962,-4.7,3.3,0.057857175,0.698276255,0.091,12.80272109,1.240963751,181.6313514,0.2296,3.88,0.007128,0.132142857,0.10634651,-0.812421053
E2-8,Brma,A,L,E,3.325030738,55.74912892,-7.5,2.7,0.07672911,1.192748879,0.112,3.147601476,,,,2.32,0.00506,,0.063588635,-0.866842105
E3-5,Brma,A,L,E,18.68069127,46.05263158,-3.3,3.65,0.08388976,0.894681073,0.169,18.06954436,,,,9.8,0.009792,,0.268607165,-0.742315789
E4-5,Brma,A,L,E,24.06148563,40.97165992,-3.8,3.7,0.139565956,2.122990219,0.149,9.787771602,1.982617013,165.7601333,0.243,7.44,0.011774,0.129310345,0.203922174,-0.690157895
E5-6,Brma,A,L,E,11.71041295,51.32935431,-2.45,3.16,0.167051665,2.881349424,0.216648408,5.396909234,1.790508747,217.9560417,0.2562,24.84,0.023985,0.088888889,0.680836936,-0.368815789
E6-4,Brma,A,L,E,19.2097451,50.53525286,-3.1,2.99,0.156940349,2.132373531,0.183,9.010989011,,,,14.93,0.010179,,0.409214793,-0.732131579
E7-1,Brma,A,L,E,9.206240153,40.7239819,-3.2,3.97,0.078453486,1.272578564,0.134568122,8.57509163,1.881855759,180.1875,0.2376,16.37,0.018496,0.125490196,0.448683601,-0.513263158
E8-6,Brma,A,L,E,7.95929913,46.32012352,-2.3,3.07,0.099078332,2.157350773,0.15,5.049382716,3.496909407,134.5908029,0.2748,21.31,0.01617,0.125688073,0.584083539,-0.574473684
F1-7,Brma,A,M,F,7.868151536,40.81225033,-2.3,2.2,0.085130222,1.521867635,0.093199234,5.780096517,4.675982197,159.3520109,0.2431,25.3,0.014784,0.135294118,0.693445028,-0.610947368
F2-4,Brma,A,M,F,18.17743257,43.10798946,-2.35,2.78,0.194491212,2.155806207,0.128,7.630434783,5.579162679,130.1064091,0.2542,38.69,0.03168,0.151724138,1.060450124,-0.166315789
F3-7,Brma,A,M,F,16.59080912,49.25037481,-1.5,2.71,0.209870899,3.487874826,0.206,5.595588235,4.035420307,197.3360784,0.244,11.96,0.0238,0.108510638,0.327810377,-0.373684211
F4-8,Brma,A,M,F,25.28454277,45.57721139,-2.1,2.96,0.293217856,3.167382966,0.123793866,6.69447864,,,,44.38,0.07564,,1.216406733,0.990526316
F5-6,Brma,A,M,F,22.51108909,38.39752936,-1.4,3.31,0.390851423,5.557978954,0.228,4.206451613,9.07931038,172.8322022,0.2409,24.35,0.02223,0.12706422,0.667406578,-0.415
F6-5,Brma,A,M,F,25.10102378,46.07305936,-1.9,2.62,0.545981355,6.918497637,0.167,3.564775614,,,,25.86,0.022176,,0.708794009,-0.416421053
F7-5,Brma,A,M,F,11.77700805,43.55581128,-1.8,2.32,0.150318963,3.081142381,0.119524046,5.20385931,,,,15.01,0.015873,,0.411407505,-0.582289474
F8-6,Brma,A,M,F,21.60452803,,-2.1,3.24,0.302228063,4.528155651,0.191,5.406976744,13.99404698,122.6830186,0.3246,36.3,0.036309,0.098450704,0.994942866,-0.0445
G1-2,Brma,A,H,G,26.60615055,51.16440737,-1.8,2.93,0.334872906,4.106931869,0.179,5.987179487,,,,36.11,0.08058,,0.989735176,1.120526316
G2-6,Brma,A,H,G,25.4400191,33.94230769,-1.5,3.08,0.395154375,5.142026981,0.135,4.393305439,6.594728438,140.2723134,0.2436,40.34,0.05418,0.153142857,1.105674799,0.425789474
G3-7,Brma,A,H,G,33.56851715,42.37392374,-1.7,3.79,0.491253624,4.037602776,0.19,6.500888099,6.490629934,181.4572249,0.2291,73.11,0.034827,0.133974359,2.003864268,-0.0835
G4-1,Brma,A,H,G,20.99614193,35.4796106,-1.6,3.1,0.410442671,5.474237201,0.141447562,3.865123795,,,,46.68,0.11532,,1.27944719,2.034736842
G5-7,Brma,A,H,G,28.80111312,49.27536232,-1.8,2.85,0.542001089,8.023480499,0.176,3.651452282,10.66095178,173.7770588,0.2438,58.36,0.0459,0.123387097,1.599583076,0.207894737
G6-4,Brma,A,H,G,18.71201702,43.34085779,-1.65,2.84,0.241677145,4.070074788,0.195,5.265200517,4.795093426,241.5309483,0.2283,43.91,0.032384,0.100869565,1.203524552,-0.147789474
G7-4,Brma,A,H,G,31.2678242,59.2690678,-1.65,2.5,0.466688991,5.999599706,0.222,4.787489976,12.31576075,184.7512919,0.2202,49.51,0.0299,0.142176871,1.357014361,-0.213157895
G8-7,Brma,A,H,G,28.75189498,55.90860407,-1.8,2.87,0.589099124,6.197379638,0.170568105,4.251366525,,,,45.73,0.029988,,1.25340874,-0.210842105
H1-4,Brma,A,L,H,16.96397793,49.87893462,-5,3.58,0.098309574,1.324296954,0.123,11.22352941,,,,25.48,0.021156,,0.698378629,-0.443263158
H2-5,Brma,A,L,H,13.80098265,52.80984013,-4.5,3.75,0.092734816,1.172219625,0.168,11.30934533,,,,14.62,0.015048,,0.400718036,-0.604
H3-9,Brma,A,L,H,12.47233047,44.95049505,-3,3.79,0.090244007,1.468126402,0.152850755,9.398782712,2.111791464,126.4009,0.3038,15.11,0.01225,0.108695652,0.414148394,-0.677631579
H4-1,Brma,A,L,H,13.04602966,46.14643545,-3,3.4,0.107028748,1.548314078,0.168,9.296254257,5.089111872,218.8275,0.2315,30.63,0.033488,0.108411215,0.839534435,-0.118736842
H5-6,Brma,A,L,H,17.39969531,49.93055556,-2.6,2.71,0.166957818,2.126515362,0.16,7.779614325,2.601250784,192.2190123,0.2218,26.58,0.017424,0.135,0.728528413,-0.541473684
H6-2,Brma,A,L,H,10.88348069,66.95583596,-3.7,2.36,0.089778376,1.266397617,0.199,9.632408102,,,,4.85,0.00342,,0.132933138,-0.91
H7-3,Brma,A,L,H,20.0549292,45.00354359,-3.3,3.37,0.144114669,1.60006232,0.143,11.4654333,2.997930444,187.7975824,0.2585,22.12,0.01204,0.101111111,0.606284744,-0.683157895
H8-4,Brma,A,L,H,25.85837434,40.81632653,-2.6,3.59,0.318085231,3.235145509,0.137573153,6.892718607,4.011635133,171.9760163,0.2647,16.28,0.017712,0.106034483,0.4462168,-0.533894737
I1-5,Brma,A,M,I,21.13011556,37.6875,-2.1,2.92,0.414440085,4.657779108,0.093859507,3.918425261,4.330267268,204.1219231,0.2222,69.39,0.04608,0.126213592,1.901903181,0.212631579
I2-1,Brma,A,M,I,24.16996325,55.93041645,-2,3.28,0.336258903,4.686535233,0.231,5.9375,6.38347411,172.3676842,0.2586,40.2,0.0336,0.110465116,1.101837554,-0.115789474
I3-8,Brma,A,M,I,23.66795167,42.41417497,-1.9,3.02,0.449481966,6.489055075,0.197,3.554621849,,,,34.35,0.0312,,0.941495522,-0.178947368
I4-5,Brma,A,M,I,22.12747945,44.63791057,-1.8,3.04,0.390398622,5.76569576,0.225,4.427645788,10.18436146,205.3411254,0.2372,52.82,0.0612,0.110283688,1.447737801,0.610526316
I5-1,Brma,A,M,I,11.38367144,67.33457596,-1.85,2.37,0.076566269,1.188036682,0.119,10.59664694,5.706947708,215.2867647,0.2323,44.93,0.0286,0.109677419,1.231481624,-0.247368421
I6-1,Brma,A,M,I,12.6875584,48.08176101,-2,2.27,0.165287533,3.511732086,0.158,4.935622318,,,,70.07,0.116932,,1.920541229,2.077157895
I7-9,Brma,A,M,I,9.858592995,58.51680185,-2,2.09,0.154570812,2.553696019,0.142,4.069940476,,,,2.24,0.006075,,0.061395923,-0.840131579
I8-9,Brma,A,M,I,15.69476033,39.58944282,-2.5,2.89,0.176063327,2.520838689,0.122442096,6.434847621,7.472458305,142.2444404,0.259,21.14,0.048336,0.133173077,0.579424027,0.272
A2-3,Brni,A,M,A,26.27321236,46.99279404,-1,4.28,0.402666667,4.553333333,0.208,5.651537335,2.372688379,77.43362712,0.2986,82.68,0.263175,0.184375,1.249623296,-0.046467391
A5-1,Brni,A,M,A,51.82653358,39.10978286,-0.7,6.46,0.602666667,5.356666667,0.289,7.38643435,3.679567643,80.67394231,0.3139,154.84,0.3744,0.16,2.340247594,0.356521739
A6-7,Brni,A,M,A,17.82368539,50.99908711,-1.3,5.47,0.275878338,5.515304225,0.247475104,5.048291105,3.394328088,6.413552099,0.4057,150.9,0.143856,1.206426735,2.28069854,-0.478782609
A7-6,Brni,A,M,A,44.80099287,45.55215021,-1.5,5.2,0.738163124,6.543631126,0.292631557,5.932087409,3.53090283,163.0286449,0.234,40.9,0.365472,0.142666667,0.6181615,0.324173913
A8-2,Brni,A,M,A,40.94041862,44.04062862,-1.3,4.59,0.675603015,7.199207446,0.24231206,5.231903398,1.82931806,213.4376316,0.2201,173.22,0.349758,0.122580645,2.61804242,0.26723913
B1-4,Brni,A,H,B,30.44732884,60.38013316,-0.3,5.82,0.385051255,6.177756973,0.289339814,6.008989362,2.704176718,188.4992391,0.2226,74.41,0.743589,0.137313433,1.124630738,1.694163043
B3-8,Brni,A,H,B,30.2709309,43.26462434,-1.1,4.07,0.408571082,6.431623052,0.343268138,5.584729242,6.110446395,194.5941341,0.2521,180.37,0.598752,0.102873563,2.726107328,1.169391304
B5-9,Brni,A,H,B,22.74028373,55.17618384,-0.8,4.13,0.222894472,3.534753627,0.226493784,7.195711994,6.346218965,144.9816031,0.3055,62.99,0.6424,0.09390681,0.952029165,1.327536232
B6-3,Brni,A,H,B,22.0231847,50.74679879,0,2.99,0.251333333,3.103333333,0.178,6.433941998,3.56311393,142.5970548,0.3212,2.77,0.170289,0.086390533,0.041865705,-0.38301087
C1-6,Brni,A,H,C,34.06423199,45.27907363,-0.4,5.16,0.467458711,5.908694905,0.253993918,5.977297778,7.470872962,78.77715247,0.242,121.39,0.35695,0.275308642,1.834685194,0.293297101
C5-4,Brni,A,H,C,9.708727351,53.26091492,-0.4,5.54,0.115666667,1.98,0.226,5.892255892,2.15778981,44.46712919,0.3389,7.28,0.11008,0.248809524,0.110029724,-0.60115942
C6-4,Brni,A,H,C,33.65674338,53.64317113,-1.75,4.58,0.385368673,5.015652394,0.282316657,6.782046061,3.303062332,130.4792245,0.2917,,0.018,0.114485981,,-0.934782609
C8-9,Brni,A,H,C,30.2058039,30.77865138,-0.4,5.65,0.506567815,6.166733799,0.194937909,4.722460751,3.230460507,134.1720082,0.2267,56.48,0.83916,0.184848485,0.853637201,2.040434783
D1-5,Brni,A,L,D,8.014377343,58.3471909,-1.4,3.34,0.0708,0.956666667,0.112,8.470383275,6.377799506,37.66242105,0.3093,6.32,0.02052,0.353723404,0.09552031,-0.925652174
D2-6,Brni,A,L,D,38.63078666,71.04652632,-1.4,6.02,0.359,3.916666667,0.345,8.876595745,1.581642334,147.6318421,0.2744,24.82,0.034272,0.114,0.375128812,-0.875826087
D3-1,Brni,A,L,D,14.20573917,106.7639376,0,4.36,0.217,4.176666667,0.339,4.85235435,5.224250235,36.07040121,0.3757,6.67,0.00832,0.250189394,0.100810201,-0.969855072
D4-9,Brni,A,L,D,46.33963475,65.90524839,-2,6,0.599333333,6.24,0.347,7.088675214,3.778912053,174.8678539,0.262,38.98,0.111375,0.105797101,0.589142671,-0.596467391
D7-1,Brni,A,L,D,3.024759065,69.71467419,-2.05,3.21,0.039166667,0.547333333,0.137,6.163215591,4.438077494,177.8126512,0.2335,18.1,0.221076,0.131097561,0.273562913,-0.199
E1-4,Brni,A,L,E,42.93566475,65.85400303,-0.65,5.32,0.33,3.24,0.319,10.73045267,1.409007361,66.31917431,0.3192,28.64,0.11934,0.187931034,0.43286419,-0.567608696
E2-4,Brni,A,L,E,8.899372291,106.3609405,-1.4,4.66,0.084133333,1.31,0.212,7.41475827,2.842014791,157.7445263,0.2297,32.32,0.22785,0.153225806,0.48848361,-0.174456522
E4-2,Brni,A,L,E,17.60560264,85.62819058,-0.3,4.13,0.103333333,1.65,0.171,8.464646465,2.204200159,140.5290789,0.306,29.97,0.0578,0.096202532,0.452965774,-0.79057971
E5-4,Brni,A,L,E,23.0563311,40.2545322,-1.6,5.81,0.272666667,3.886666667,0.252,7.109777015,1.513613165,227.0602632,0.2613,70.96,0.26884,0.08172043,1.072487531,-0.025942029
E7-7,Brni,A,L,E,23.03545825,48.48972035,-1.1,5.55,0.242485622,4.093927401,0.297960468,6.980807882,0.882324981,2.78612796,,46.92,0.10619,0.799667774,0.709147618,-0.615253623
F3-1,Brni,A,M,F,13.01025236,47.93455752,-0.45,6.24,0.15,2.71,0.218,6.051660517,1.400978481,254.9591549,0.2154,216.88,0.535432,0.107575758,3.277918485,0.939971014
F6-8,Brni,A,M,F,35.38100136,39.15360845,-0.9,5.1,0.662333333,6.976666667,0.256,4.988055423,3.976055822,147.4168699,0.2634,119.83,0.36888,0.124242424,1.811107396,0.336521739
F7-1,Brni,A,M,F,15.41282036,60.84306392,-0.95,3.81,0.20864817,3.832713604,0.203158727,5.325806743,3.295486639,117.7456731,0.2167,122.01,0.56511,0.231111111,1.844055858,1.0475
G8-1,Brni,A,H,G,27.68500129,62.39830381,-0.5,3.18,0.484769553,5.8143255,0.191145911,4.458588814,3.022533945,252.9149541,0.2565,37.91,0.13475,0.076760563,0.57297072,-0.511775362
H1-2,Brni,A,L,H,30.14188903,51.66046456,-1.9,4.8,0.228666667,3.333333333,0.245,7.76,2.639192913,44.30809237,0.2957,36.13,0.27328,0.327631579,0.546067848,-0.009855072
H6-6,Brni,A,L,H,31.18838286,47.82487146,-1.05,5.35,0.391666667,4.96,0.281,6.686827957,1.749742451,181.0677465,0.2211,49.18,0.352512,0.144897959,0.743305197,0.277217391
H8-8,Brni,A,L,H,39.45198211,59.13683051,-1,3.74,0.54515254,5.257490261,0.210284875,6.173870718,2.661436038,115.441751,0.3039,9.27,0.068921,0.119534884,0.140106531,-0.750286232
I5-8,Brni,A,M,I,8.69027797,54.02043623,-0.4,5.1,0.0755,1.166666667,0.178,8.591428571,3.042059647,130.4917989,0.2531,71.99,0.285936,0.152419355,1.088054923,0.036
I6-7,Brni,A,M,I,24.18934246,38.24064332,-0.5,5.19,0.471524019,6.704264407,0.231838436,4.61374238,5.008591208,386.7261905,0.1731,54.95,0.496838,0.109375,0.830512822,0.800137681
I7-4,Brni,A,M,I,32.84103886,68.92249337,-0.4,3.42,0.499,6.18,0.276,5.458468177,4.368962168,211.6824812,0.2207,38.29,0.09372,0.123148148,0.57871403,-0.660434783
I8-2,Brni,A,M,I,7.267488406,39.36448551,-1.4,4.11,0.047461721,0.794823014,0.094567101,10.44860473,2.645817892,62.73067642,0.3414,15.04,0.051072,0.174203822,0.227314155,-0.814956522
A1-5,Enca,P,M,A,43.27575591,52.21983538,-2,4.93,0.461835563,5.190288629,0.310634422,7.749200231,1.11634098,2.807495356,0.6311,1038,2.93913,1.137323944,2.444598959,0.580177419
A2-9,Enca,P,M,A,12.90683012,69.39454633,-2.2,3.556666667,0.090019272,1.701383327,0.196349945,9.011350817,2.047322168,6.106232877,0.6002,486,1.74464,0.578854626,1.144581016,-0.062021505
A3-9,Enca,P,M,A,23.0375945,55.95456356,-2.1,3.64,0.232299102,3.380991916,0.203324237,7.482096058,,,,96,0.54208,,0.226090077,-0.70855914
A4-8,Enca,P,M,A,22.44951737,52.35877579,-2.2,4.45,0.194686392,2.952845679,0.197850971,8.706570688,,,,50,0.915,,0.117755249,-0.508064516
A5-7,Enca,P,M,A,15.09073801,68.15116952,-1.65,4.08,0.140141529,2.430570461,0.26360752,7.867256085,,,,462,1.3104,,1.088058496,-0.295483871
A6-6,Enca,P,M,A,40.11224807,51.81504673,-1.8,4.64,0.575415814,6.962001803,,6.242857918,4.130637449,2.799825208,0.6699,586,2.744,1.013253012,1.380091513,0.475268817
A7-9,Enca,P,M,A,8.871587096,56.53741037,-1.8,3.99,0.0761,1.35,0.182,7.925925926,1.082849824,3.311347428,0.7857,296,1.639,0.62259332,0.697111071,-0.118817204
A8-6,Enca,P,M,A,11.49032666,49.78617875,-1.8,4.12,0.104,1.596666667,0.152,8.392484342,2.67628633,111.0409494,0.4034,596,3.465,0.070535714,1.403642562,0.862903226
B1-6,Enca,P,H,B,37.08278187,53.64461747,-1.1,4.45,0.38525,4.2175,0.28,8.032009484,,,,126,0.6909,,0.296743226,-0.628548387
B2-7,Enca,P,H,B,22.1210856,76.81386853,-1.1,3.54,0.195779837,3.321433083,0.243512516,7.32813583,4.406213789,43.80949128,0.4966,344,0.92701,0.117808219,0.81015611,-0.501607527
B3-9,Enca,P,H,B,39.06576561,60.24489401,-1.55,4.65,0.37725,4.6925,0.318,8.391049547,2.03465264,13.36540625,0.6001,226,1.24352,0.26446281,0.532253723,-0.33144086
B4-4,Enca,P,H,B,14.39346531,69.27005004,-1.4,3.280183979,0.137483913,2.728372126,0.151618804,6.139651418,3.043492388,7.598679047,0.7142,70.66666667,1.964144,0.328423475,0.166427418,0.055991398
B5-8,Enca,P,H,B,33.63089904,75.28699908,-1.75,3.6,0.393,4.6125,0.288,7.268292683,,,,638,1.6704,,1.502556971,-0.101935484
B6-5,Enca,P,H,B,10.4783274,61.68707314,-1.7,4.53,0.085725,1.27,0.241,9.05511811,2.638637129,3.285564502,0.7508,408,4.45284,0.687514723,0.960882828,1.394
B7-6,Enca,P,H,B,19.67398982,63.78115046,-1.8,3.539276258,0.16625,2.4475,0.248,8.621041879,,,,498,2.26953,,1.172842275,0.220177419
B8-1,Enca,P,H,B,31.57907083,57.81953122,-1.6,3.31,0.4905,6.155,0.263,5.576766856,2.442859253,22.11516393,0.585,442,2.034032,0.168275862,1.040956397,0.093565591
C1-3,Enca,P,H,C,21.58056323,65.86922344,-1.2,4.08,0.138,2.073333333,0.244,10.46623794,4.224763201,4.230298612,0.6704,812,3.66,0.669764706,1.912345236,0.967741935
C2-1,Enca,P,H,C,21.33089918,54.19633044,-1.5,4.48,0.160666667,1.87,0.184,11.10516934,,,,328,0.920634,,0.77247443,-0.505035484
C3-7,Enca,P,H,C,40.00877109,55.87670526,-1.55,4.04,0.505333333,5.61,0.275,6.773618538,2.424884596,32.85385563,0.5143,640,3.15315,0.146391753,1.507267181,0.695241935
C4-8,Enca,P,H,C,34.56885141,48.31035576,-1.1,5.15,0.407333333,4.563333333,0.288,7.633308985,2.845386432,4.240021388,0.6796,560,1.7472,0.650386399,1.318858783,-0.060645161
C5-1,Enca,P,H,C,39.78470151,54.08465768,-0.9,4.29,0.552666667,6.01,0.285,6.184137549,,,,388,4.606564,,0.913780729,1.476647312
C6-8,Enca,P,H,C,28.05544514,38.99109388,-1.3,3.21,0.454,4.863333333,0.215,5.76422207,,,,338,1.6975,,0.79602548,-0.087365591
C7-1,Enca,P,H,C,39.66677864,46.95569317,-1.35,5.14,0.614333333,6.516666667,0.278,5.836317136,1.987967263,5.261437143,0.7153,1218,3.675,0.472972973,2.868517854,0.975806452
C8-6,Enca,P,H,C,33.65655617,71.58746978,-1.2,4.255,0.429333333,4.86,0.31,7.235939643,1.595955163,1.950088748,0.9088,490,2.053336,0.790487515,1.154001435,0.103944086
D1-3,Enca,P,L,D,27.92769466,61.42806662,-1.15,4.2,0.216295564,2.84895485,0.254263231,10.26201044,2.185019729,19.24958788,0.516,212,0.8245,0.248493976,0.499282254,-0.55672043
D2-9,Enca,P,L,D,38.96567829,55.73269532,-1.325,4.17,0.640755621,7.320704439,0.275384045,5.254221096,0.411330448,13.65429719,0.6311,342,0.58636,0.23490566,0.8054459,-0.684752688
D3-9,Enca,P,L,D,15.87325872,64.75816401,-1.35,3.77,0.159055504,2.718340278,0.19160433,6.815293865,,,,212,1.32432,,0.499282254,-0.288
D4-7,Enca,P,L,D,13.36861011,61.16412893,-1.5,3.4,0.140320486,2.602314661,0.189931121,6.250405608,1.509566065,4.121532663,0.6323,206,1.066359,0.772815534,0.485151624,-0.42668871
D5-7,Enca,P,L,D,19.64944103,45.95797914,-1.3,4.4275,0.273002864,4.178431501,0.192326711,5.35620886,1.065908963,88.24914286,0.475,412,1.361008,0.06402439,0.970303248,-0.268275269
D6-3,Enca,P,L,D,12.6400984,74.21345443,-1.45,3.94,0.150960882,2.558381845,0.17526276,5.544406799,2.250447496,7.899374384,0.4953,166,1.9125,0.656957929,0.390947425,0.028225806
D7-5,Enca,P,L,D,13.0106119,67.46248432,-1.95,3.69,0.168017415,2.650562486,0.21265736,5.151628647,,,,,0.1312,,,-0.929462366
D8-1,Enca,P,L,D,9.725268766,58.86544858,-1.5,3.92,0.081997558,1.269833003,0.160540712,8.264861862,,,,23,0.3621,,0.054167414,-0.805322581
E1-1,Enca,P,L,E,21.4469689,65.23549746,-1.475,4.07,0.241332958,3.788886593,0.17607086,6.049393374,3.855329801,33.58953057,0.5575,610,1.9008,0.121970706,1.436614032,0.021935484
E2-1,Enca,P,L,E,32.46837837,55.23633578,-1.6,4.65,0.299239922,4.46016117,0.285925239,7.797106002,1.367367928,3.128016052,0.7673,560,2.483712,0.690987868,1.318858783,0.335329032
E3-9,Enca,P,L,E,34.28299163,55.69535545,-1.1,3.76,0.409334281,5.487454237,0.300433151,6.939642668,,,,160,0.50176,,0.376816795,-0.730236559
E4-8,Enca,P,L,E,41.446489,57.57772241,-1.75,4.93,0.488159818,6.461460691,0.326631003,7.04094284,1.321892311,94.19241379,0.4786,184,1.333,0.058883249,0.433339315,-0.283333333
E5-9,Enca,P,L,E,15.0765493,62.04087334,-2.25,3.3,0.130913848,2.427397483,0.174500694,7.559376031,,,,18,0.434676,,0.042391889,-0.766303226
E6-8,Enca,P,L,E,31.98674042,69.15888479,-1.85,4.58,0.348000893,5.123101437,0.291467601,7.226614736,1.285519103,5.03737096,0.5869,588,2.45,0.735106383,1.384801723,0.317204301
E7-2,Enca,P,L,E,23.78205335,68.51421547,-2.05,3.64,0.2305,3.1075,0.267,8.318584071,,,,524,2.99288,,1.234075004,0.609075269
E8-5,Enca,P,L,E,29.69917301,58.68035869,-2.2,4.39,0.33975,4.44,0.289,7.331081081,1.773255512,11.45615333,0.5387,326,2.31,0.382653061,0.76776422,0.241935484
F1-3,Enca,P,M,F,12.15304106,49.56765181,-1.1,4.492144374,0.1065,1.86,0.237,7.284946237,,,,126,1.26463,,0.296743226,-0.320091398
F2-2,Enca,P,M,F,20.47525722,76.32254563,-1.5,4.08,0.157072899,3.067140134,0.28211124,7.854820477,,,,580,3.1283,,1.365960883,0.68188172
F3-8,Enca,P,M,F,24.17366986,52.52643691,-1.2,3.84989339,0.333,5.985,0.304,5.513784461,2.155925754,12.33086957,0.6268,572,1.0584,0.262857143,1.347120043,-0.430967742
F4-4,Enca,P,M,F,10.72021694,60.13099196,-1.7,4.09,0.1295,2.905,0.3,5.765920826,5.330035573,38.95339744,0.4472,584,3.749,0.163350785,1.375381303,1.015591398
F5-3,Enca,P,M,F,19.53233988,69.23871716,-2.3,3.41,0.1175,1.2225,0.195,13.92638037,,,,21,1.33133,,0.049457204,-0.284231183
F6-1,Enca,P,M,F,21.85284317,59.23204421,-2.4,3.2,0.209,3.025,0.187,6.933884298,1.731402055,20.59065369,0.5904,106,0.721021,0.177530864,0.249641127,-0.612354301
F7-8,Enca,P,M,F,41.14094409,59.57324289,-1.6,4.697117337,0.4385,4.44,0.321,8.682432432,2.044407199,3.252882853,0.7822,1072,4.170474,0.639765458,2.524672528,1.242190323
F8-9,Enca,P,M,F,40.7865682,52.94141488,-1.675,4.7,0.6065,6.5625,0.278,5.931428571,1.896493529,94.1397191,0.4383,1260,3.576732,0.070355731,2.967432263,0.922974194
G1-7,Enca,P,H,G,41.63109693,50.7143182,-0.5,4.4,0.456,4.3225,0.333,8.825910931,2.202692377,59.4445515,0.4784,1094,2.4644,0.093478261,2.576484838,0.324946237
G2-2,Enca,P,H,G,19.48083931,66.31523407,-1.2,4.76,0.15,1.95,0.259,10.20512821,3.911414682,5.833625028,0.652,900,2.44944,0.513257143,2.119594473,0.316903226
G3-3,Enca,P,H,G,26.01919174,79.39442021,-1.1,2.72,0.39425,4.785,0.227,5.559038662,,,,282,1.54496,,0.664139602,-0.169376344
G4-6,Enca,P,H,G,33.7084902,52.07369061,-1.2,4.38,0.48625,5.335,0.275,6.330834114,2.323070834,7.732469723,0.5653,862,5.85948,0.514922049,2.030100484,2.150258065
G6-9,Enca,P,H,G,22.13078769,55.50229441,-0.8,2.25,0.284,3.5775,0.204,6.268343816,1.767685906,3.969168622,0.6706,654,1.59068,0.713636364,1.540238651,-0.144795699
G7-7,Enca,P,H,G,20.40536679,64.64487308,-1,3.61,0.2995,3.6175,0.208,5.687629578,,,,194,0.7182,,0.456890364,-0.613870968
G8-9,Enca,P,H,G,19.63831307,96.07747757,-1.1,2.535,0.24725,3.3525,0.242,6.532438479,1.860178096,84.5707362,0.4916,324,0.73953,0.06221374,0.76305401,-0.602403226
H1-6,Enca,P,L,H,16.56152804,70.65685425,-1.8,3.35,0.177559032,3.93037316,0.222978121,5.48323172,2.007676744,4.707916796,0.5745,236,0.90132,0.819592875,0.555804773,-0.515419355
H2-8,Enca,P,L,H,4.992635234,66.31526729,-2.35,4.39,0.0499,0.793333333,0.225,7.260504202,,,,18,0.84744,,0.042391889,-0.544387097
H3-8,Enca,P,L,H,32.8993577,69.37503186,-1.65,4.89,0.2435,3.2625,0.266,9.049808429,2.071072939,14.54546201,0.5533,130,0.7137,0.285630499,0.306163646,-0.616290323
H4-8,Enca,P,L,H,23.92188813,56.50423091,-1.5,4.81,0.13775,1.825,0.259,12,1.33478748,10.35329813,0.4929,216,1.617,0.506584362,0.508702674,-0.130645161
H5-8,Enca,P,L,H,38.51319405,80.09439366,-2,4.17,0.26175,3.0375,0.299,12.24691358,,,,12,0.366048,,0.02826126,-0.8032
H6-4,Enca,P,L,H,18.15002614,58.99192643,-1.6,4.06,0.09545,1.2225,0.244,14.82617587,1.525096616,9.289693548,0.5874,72,0.48804,0.397435897,0.169567558,-0.737612903
H7-9,Enca,P,L,H,44.54923923,53.70844661,-1.8,4.99,0.36175,3.68,0.319,11.08695652,1.547374976,12.47707257,0.5078,274,1.18125,0.396585366,0.645298762,-0.364919355
H8-3,Enca,P,L,H,38.57257872,56.45736306,-1.8,4.95,0.26625,2.8875,0.322,13.08225108,,,,742,2.540835,,1.747487888,0.366040323
I1-7,Enca,P,M,I,27.00407178,50.25059968,-1.15,4.66,0.35275,6.1725,0.321,5.455650061,2.95144042,4.884985983,0.7125,696,1.2636,0.513257965,1.639153059,-0.320645161
I2-6,Enca,P,M,I,21.83388719,63.37804002,-0.9,4.35,0.2415,4.175,0.281,6.730538922,,,,592,3.81988,,1.394222142,1.053698925
I3-4,Enca,P,M,I,24.76377295,56.64477621,-1.3,4.12,0.35475,5.7875,0.304,5.300215983,,,,680,2.40975,,1.60147138,0.295564516
I4-8,Enca,P,M,I,18.10247728,63.34497333,-1.45,4.95,0.133645594,2.138824063,0.259629254,10.0423344,1.880605758,56.21629268,0.4891,326,1.20142,0.094470046,0.76776422,-0.354075269
I5-6,Enca,P,M,I,34.06889072,59.4362091,-1.2,3.31,0.4575,5.7925,0.27,5.753129046,3.37532495,8.125919179,0.5967,250,0.8364,0.440087464,0.588776243,-0.550322581
I6-8,Enca,P,M,I,49.18718857,61.64488231,-1.1,4.86,0.567281723,6.100805752,0.344031489,7.916337605,1.085620155,43.97115789,0.5738,344,2.4396,0.087962963,0.81015611,0.311612903
I7-8,Enca,P,M,I,34.11886287,65.72401506,-1.3,3.98,0.365,4.0025,0.305,8.60712055,1.242109341,42.04950192,0.5098,688,1.94688,0.116517857,1.62031222,0.046709677
I8-4,Enca,P,M,I,31.21972797,74.84458946,-1.45,4.3,0.2615,3.22,0.322,10.31055901,,,,136,1.0152,,0.320294276,-0.454193548
A1-2,Isme,P,M,A,33.92537983,38.21694827,-1.65,4.62,0.328888889,3.128888889,0.256,9.630681818,2.051000941,49.36043046,0.4863,3324,0.34944,0.109025271,1.12163769,-0.581508982
A2-2,Isme,P,M,A,36.30756381,69.85816759,-2.15,4.65,0.291515152,3.612121212,0.324,10.45302013,1.654190596,61.98366379,0.4733,11769,3.484245,0.091699605,3.971285792,3.172748503
A3-7,Isme,P,M,A,32.90732409,60.73182878,-1.65,4.26,0.368197548,4.728337202,0.255879514,7.202964161,,,,4716,0.84656,,1.59134878,0.013844311
A4-1,Isme,P,M,A,24.01849252,54.05659604,-1.7,4.09,0.223636364,3.593939394,0.254,7.099494098,,,,4630,0.8162,,1.562329273,-0.02251497
A5-8,Isme,P,M,A,27.77804433,52.65125957,-1.55,3.85,0.381025641,4.779487179,0.251,5.987124464,,,,1234,0.432264,,0.416396182,-0.482318563
A6-1,Isme,P,M,A,17.92284285,57.03025219,-1.8,4.92,0.19025641,2.707692308,0.33,7.102272727,2.85692829,6.658218208,0.6093,1329,0.93744,0.515345912,0.448452614,0.122682635
A7-8,Isme,P,M,A,24.21721032,39.36992847,-1.65,4.72,0.343555303,5.62049348,0.188900237,4.805235968,1.312396146,105.5049573,0.4228,2713,0.2871,0.067630058,0.915464216,-0.656167665
A8-4,Isme,P,M,A,8.76245614,46.31616599,-1.65,3.96,0.119843137,1.725490196,0.217,5.55,2.231234246,93.42608247,0.3574,3984,0.41055,0.106593407,1.344345535,-0.508323353
B1-5,Isme,P,H,B,29.79710136,58.03169755,-1.6,3.973807662,0.233125,2.13125,0.251,12.14076246,2.690151077,55.50235925,0.4608,144,0.095589,0.108115942,0.048590802,-0.885522156
B2-9,Isme,P,H,B,21.67062235,65.8020184,-1.5,4.22,0.15743763,3.334904936,0.224601548,7.725996553,2.34024913,73.66738956,0.4987,1543,0.38868,0.069553073,0.520663946,-0.53451497
B4-8,Isme,P,H,B,7.855648799,76.83249296,-1.966666667,4.08,0.059810435,1.376436428,0.132962795,6.979169234,4.742313038,6.873880113,0.6077,1646,0.53754,0.501737242,0.555419867,-0.356239521
B5-5,Isme,P,H,B,8.725375,62.06180032,-1.8,4.269000854,0.061058824,1.104411765,0.192,9.105193076,,,,5613,1.279488,,1.894028987,0.532320958
B6-8,Isme,P,H,B,11.35024085,49.47073264,-1.6,4.845174538,0.120866667,1.843333333,0.21,6.851717902,2.857708689,50.39898204,0.4641,6708,1.8252,0.117330211,2.263521548,1.185868263
B7-3,Isme,P,H,B,29.85289623,54.30536974,-1.7,3.68,0.334411765,4.258823529,0.265,7.147790055,2.842463222,68.55261538,0.5191,1885,0.19152,0.069002123,0.636067102,-0.770634731
B8-4,Isme,P,H,B,8.230424972,31.87604491,-1.4,3.81,0.075272727,1.407727273,0.143,7.135938005,,,,39,0.058938,,0.013160009,-0.929415569
C1-5,Isme,P,H,C,18.06791808,38.11680775,-1.2,4.34,0.189333333,2.577777778,0.156,6.293103448,2.388937842,79.6079602,0.4566,18,0.027378,0.076717557,0.00607385,-0.967211976
C2-2,Isme,P,H,C,32.87364834,64.39400282,-1.3,4.47,0.296444444,3.817777778,0.297,8.2887078,,,,870,0.267618,,0.293569432,-0.679499401
C3-4,Isme,P,H,C,14.09138027,38.81927407,-1.25,4.82,0.235844156,3.309090909,0.243,4.226844584,2.393133881,83.76643275,0.4651,1462,0.322704,0.07037037,0.493331619,-0.613528144
C4-2,Isme,P,H,C,19.50599633,72.67524263,-1.05,4.67,0.13547619,1.914285714,0.251,10.39800995,2.883230273,7.412591226,0.5997,3768,1.3728,0.477299413,1.271459331,0.644071856
C5-5,Isme,P,H,C,33.23848102,40.84730709,-1.3,3.94,,6.0875,0.188,4.982888433,,,,270,0.289788,,0.091107755,-0.652948503
C7-3,Isme,P,H,C,28.19626334,46.48389652,-1.6,5.34,0.393888889,5.35,0.216,5.628245067,3.873613416,81.53123077,0.4731,392,0.29232,0.069742489,0.132274962,-0.649916168
C8-1,Isme,P,H,C,29.79595989,55.91204992,-1.65,4.66,0.433333333,5.692307692,0.266,5.693693694,3.268674627,48.73808853,0.5366,4804,1.96238,0.090693431,1.62104316,1.350155689
D2-8,Isme,P,L,D,11.63211592,64.76261219,-1.6,4.01,0.208328436,3.347974721,0.166704936,3.744414108,1.997553895,5.246833648,0.6992,1084,0.41496,0.496713615,0.365780763,-0.503041916
D3-6,Isme,P,L,D,24.14516691,55.72325194,-1.4,3.615,0.320459563,4.68688009,0.231815389,5.504256274,,,,1611,0.6384,,0.543609602,-0.235449102
D5-2,Isme,P,L,D,29.2522821,73.28894874,-1.9,3.88,0.362057252,4.93287611,0.23791899,6.274983058,1.677002077,87.63041667,0.5201,2415,0.672,0.053811659,0.81490825,-0.195209581
D6-5,Isme,P,L,D,24.83842545,74.67409132,-1.8,4.289168766,0.327822768,4.35048598,0.266592909,5.979362161,1.781919869,5.078880702,0.5685,3948,0.320193,0.776566757,1.332197834,-0.616535329
D7-8,Isme,P,L,D,28.77622014,78.50260024,-1.5,4.18,0.414478707,5.262039016,0.264910239,5.296584226,,,,8432,2.207344,,2.845261433,1.643525749
E2-6,Isme,P,L,E,44.9652125,79.87213414,-1.4,5.08,0.497840987,6.468455955,0.317210913,7.192582817,1.559708495,64.34315789,0.4672,5140,1.46965,0.09047619,1.734421699,0.76005988
E3-8,Isme,P,L,E,21.95411987,68.05403643,-1.35,3.69,0.190817258,3.217645373,0.254504838,8.261718353,,,,107,0.05985,,0.036105666,-0.928323353
E4-7,Isme,P,L,E,14.99605636,83.75312414,-1.9,3.87,0.129192308,2.484615385,0.264,7.616099071,2.086050195,67.71516667,0.4552,3608,0.719664,0.090909091,1.21746955,-0.138126946
E5-1,Isme,P,L,E,15.99781138,74.71543567,-1.7,3.78,0.155714286,2.807142857,0.249,6.8956743,,,,2684,0.4977,,0.905678568,-0.403952096
E6-1,Isme,P,L,E,13.31438245,73.50902104,-2.1,4.5,0.121833333,1.99,0.203,7.805695142,1.992541253,48.26197628,0.5289,1948,0.639189,0.094402985,0.657325578,-0.234504192
E7-6,Isme,P,L,E,23.10505736,78.90924873,-1.6,4.02,0.247307692,3.634615385,0.237,7.026455026,,,,3696,0.558688,,1.24716393,-0.330912575
E8-1,Isme,P,L,E,15.91334736,48.51653423,-1.7,3.9,0.163076923,2.519230769,0.224,7.221374046,2.648652761,81.96348571,0.4913,1150,0.3485,0.064338235,0.388051547,-0.582634731
F1-6,Isme,P,M,F,9.930545356,75.87946645,-1.4,3.92,0.070033333,1.215,0.25,10.23868313,,,,6640,4.182,,2.240575891,4.008383234
F2-3,Isme,P,M,F,4.52017472,77.8658039,-1.8,4.1,0.028955732,0.731836997,0.199299651,8.504453928,,,,5424,2.48,,1.830253559,1.97005988
F3-4,Isme,P,M,F,7.950065749,70.88695419,-1.45,4.002656748,0.092192308,2.146153846,0.319,5.700716846,2.301813334,118.5158065,0.476,7192,1.30296,0.047400612,2.426840634,0.560431138
F4-2,Isme,P,M,F,17.40076742,37.66739177,-1.8,3.533333333,0.189509432,2.55761522,0.174750746,6.300458628,2.584140074,33.42172945,0.4998,,0.094068,0.152480418,,-0.887343713
F5-2,Isme,P,M,F,32.98423625,65.60162528,-1.9,3.65,0.27125,3.23125,0.204,8.916827853,,,,3036,0.498095,,1.024456085,-0.403479042
F6-6,Isme,P,M,F,30.85758447,76.96286012,-1.65,3.97,0.262666667,3.49,0.261,8.127984718,2.370714546,136.5792908,0.3809,2952,4.78926,0.064383562,0.99611145,4.735640719
F7-2,Isme,P,M,F,36.37866484,54.13675966,-1.8,4.03,0.343611111,3.836111111,0.302,9.123823316,2.708633492,20.96851852,0.5224,613,0.269169,0.222527473,0.206848347,-0.677641916
F8-7,Isme,P,M,F,13.51741122,42.73290773,-1.95,4.02,0.176,2.45,0.203,5.782312925,2.957784919,86.25664093,0.4694,3740,0.47138,0.066925065,1.262011119,-0.435473054
G2-3,Isme,P,H,G,21.72149087,57.32316928,-1.3,4.468374281,0.181875,2.3,0.198,9.279891304,1.804038699,160.6851389,0.4077,4215,3.2103,0.047682119,1.42229328,2.844670659
G3-6,Isme,P,H,G,17.82969638,70.58775922,-1.6,3.81,0.169642857,2.482142857,0.27,7.841726619,4.405699344,93.64732203,0.4246,1540,0.354354,0.07544757,0.519651637,-0.575623952
G4-7,Isme,P,H,G,20.63076026,69.82612004,-1.3,3.02,0.274230769,3.576923077,0.188,6.150537634,3.506348545,20.68912281,0.5295,978,0.55678,0.219568567,0.330012533,-0.333197605
G6-7,Isme,P,H,G,25.09502018,56.02370207,-1.2,4.654159132,0.284375,3.940625,0.238,6.788263283,2.790768586,32.17600796,0.516,2140,0.673712,0.148717949,0.722113314,-0.193159281
G7-1,Isme,P,H,G,26.05733161,74.11267038,-0.9,3.73,0.2709375,3.76875,0.239,7.371475954,,,,680,1.173,,0.229456567,0.404790419
G8-6,Isme,P,H,G,12.67960326,74.61854454,-1.25,3.91,0.419666667,6.263333333,0.148,2.192655668,2.116700949,73.08801762,0.4838,11224,1.788632,0.07442623,3.787383102,1.142074251
H1-7,Isme,P,L,H,19.99373239,55.91007089,-1.3,4.56,0.228384251,4.510934306,0.213952309,5.31639655,2.119941518,3.990211321,0.7622,1488,0.47215,0.549792531,0.502104959,-0.434550898
H2-7,Isme,P,L,H,9.424704439,43.69888258,-1.5,4.245,0.084205128,1.524615385,0.148,7.780020182,,,,444,0.0792,,0.149821641,-0.905149701
H3-7,Isme,P,L,H,30.39296282,64.21940691,-1.6,4.67,0.213181818,2.872727273,0.256,9.050632911,1.925057328,53.95025105,0.5088,3204,0.577885,0.091221374,1.081145355,-0.307922156
H4-5,Isme,P,L,H,19.03986729,47.08419343,-1.6,4.176666667,0.214230769,2.473076923,0.196,6.718506998,1.705985993,25.96889503,0.5057,926,0.16638,0.191872792,0.312465855,-0.800742515
H5-9,Isme,P,L,H,29.19182018,62.000124,-1.9,4.02,0.242307692,2.546153846,0.252,10.16616314,,,,2980,0.306,,1.005559662,-0.633532934
H6-9,Isme,P,L,H,39.10971167,74.7842547,-1.675,3.91,0.2834375,3.04375,0.264,12.33059548,2.371118946,172.5506383,0.4133,2360,0.735174,0.043119266,0.796349262,-0.119552096
H7-6,Isme,P,L,H,38.97142741,58.08829558,-1.75,4.28,0.340625,3.64375,0.261,9.931389365,1.623832901,4.293685221,0.6657,1077,0.242944,0.669379015,0.36341871,-0.709049102
H8-1,Isme,P,L,H,31.42256715,63.25380298,-1.8,4.92,0.280357143,3.1,0.33,9.688940092,,,,531,0.193284,,0.179178584,-0.768522156
I1-6,Isme,P,M,I,23.89586931,57.01942923,-1.575,3.81,0.277272727,4.318181818,0.298,6.736842105,3.233031378,56.58260652,0.4608,5304,0.82875,0.105835544,1.789761224,-0.00748503
I2-8,Isme,P,M,I,17.1724875,65.23767757,-1.5,4.15,0.164615385,3.338461538,0.239,7.062211982,,,,7377,0.568512,,2.489266317,-0.319147305
I3-1,Isme,P,M,I,9.988694819,60.95868156,-1.8,4.03,0.102423077,2.103846154,0.199,6.846435101,2.86427735,29.62208999,0.5882,83,0.17286,0.124144144,0.028007199,-0.792982036
I4-7,Isme,P,M,I,10.66069796,77.9321514,-1.85,3.445,0.11275,2.5375,0.236,5.972906404,2.838432369,35.22411517,0.4597,2682,0.557865,0.171153846,0.905003696,-0.331898204
I5-9,Isme,P,M,I,33.82831151,58.73923277,-1.4,4.32,0.32875,4.640625,0.323,7.34006734,3.490135454,170.975875,0.3999,2309,0.06825,0.046511628,0.77914002,-0.918263473
I6-6,Isme,P,M,I,25.91767847,55.96441079,-1.6,4.43,0.262248173,3.611367523,0.250792405,7.613375657,,,,981,0.130784,,0.331024842,-0.843372455
I7-3,Isme,P,M,I,17.16717084,74.3725282,-1.3,3.82,0.167941176,2.673529412,0.233,7.238723872,2.770396275,54.60183511,0.5373,3310,0.4284,0.080686695,1.116913584,-0.486946108
I8-8,Isme,P,M,I,30.59333578,87.62984331,-1.4,3.8,0.277454545,3.003636364,0.276,10.08474576,,,,2588,1.0656,,0.8732847,0.276167665
A3-3,Mepo,A,M,A,36.12420068,45.22506897,-1.75,4.34,0.662105263,7.143859649,0.244,4.700392927,0.891443068,112.3823077,0.2845,70.2337,0.05244,0.140540541,1.941268951,-0.500571429
A4-2,Mepo,A,M,A,43.80586908,42.77878147,-1.2,4.36,0.922222222,8.466666667,0.279,4.851268591,2.37989694,131.5120408,0.2938,13.86,0.117124,0.112643678,0.383092271,0.115466667
A5-9,Mepo,A,M,A,47.10054511,37.58214022,-1.5,4.96,0.862222222,6.351851852,0.278,5.690962099,1.605960307,111.3410811,0.2708,70.38,0.16146,0.157446809,1.945312703,0.537714286
A6-2,Mepo,A,M,A,11.82950323,50.94347432,-1.4,3.88,0.188888889,3.914814815,0.143,4.351939451,2.441206867,72.81627907,0.3163,47.1744,0.063756,0.175510204,1.303906786,-0.3928
A8-1,Mepo,A,M,A,32.40331034,40.66366157,-1.7,4.62,0.319886777,4.344767667,0.221579527,7.884125685,2.754380639,41.256997,0.334,61.7384,0.268584,0.2775,1.706457712,1.557942857
B1-3,Mepo,A,H,B,24.28654891,40.19165431,-1.6,4.23,0.286985382,5.469342262,0.29491697,5.984506822,3.226441862,84.96396739,0.3228,82.35,0.119232,0.14375,2.276165119,0.135542857
B5-7,Mepo,A,H,B,32.27849653,49.3328731,-1,3.36,0.493380509,6.270217882,0.232344844,5.37659764,5.082428631,136.6012719,0.3358,43.67,0.685916,0.082608696,1.207044696,
B6-7,Mepo,A,H,B,40.90117834,35.55464747,-1.4,3.71,0.959017407,6.490550981,0.159375563,4.897819547,5.354294385,130.6386381,0.2848,92.2,0.31464,0.120093458,2.548420449,1.996571429
B7-7,Mepo,A,H,B,12.35136062,60.54699609,-1.3,,0.190516647,2.355448506,0.060620236,4.931449658,2.620920462,91.10030488,0.3523,1.8492,0.3175,0.112328767,0.051112138,2.023809524
B8-5,Mepo,A,H,B,25.23631545,43.21589657,-1.45,2.63,0.364544433,5.184685707,0.115281231,3.969325972,4.758797961,99.59335664,0.2595,5.4503,0.066729,0.189403974,0.150647028,-0.364485714
C2-4,Mepo,A,H,C,36.40537531,47.88427528,-1.6,3.73,0.562333333,5.623333333,0.272,6.342620036,1.48551396,131.9307246,0.3001,18.08,0.0576,0.1078125,0.499733641,-0.451428571
C5-6,Mepo,A,H,C,36.09183837,31.91519298,-1.2,4.35,0.597666667,6.703333333,0.236,5.653903531,3.094228827,31.63860987,0.4042,113.92,0.1617,0.24640884,3.148764182,0.54
C6-1,Mepo,A,H,C,36.00541697,38.90364452,-1.3,4.66,0.740542155,7.52051786,0.224228981,4.528285503,2.285555509,47.42252874,0.3387,69.83,0.22,0.235135135,1.930110629,1.095238095
C7-5,Mepo,A,H,C,44.77555986,37.2504128,-1.45,4.74,0.662780994,4.924140608,0.214744583,7.021280723,3.946459302,149.9775333,0.2712,124.26,0.17748,0.115384615,3.434563178,0.690285714
C8-2,Mepo,A,H,C,36.9012626,30.9974228,-1.2,4.59,0.662513726,8.367120009,0.176450479,4.544379409,2.524307686,70.14985,0.3728,79.96,0.292,0.130718954,2.210105197,1.780952381
D1-7,Mepo,A,L,D,9.160494231,48.86039885,-2.8,4.43,0.061208333,0.746666667,0.257,12.94084821,1.8339014,186.68,0.2666,9.4526,0.04788,0.096078431,0.26127114,-0.544
D2-1,Mepo,A,L,D,14.23126456,53.05415098,-2,3.9,0.143166667,1.685,0.178,7.764589515,0.790364072,61.43779221,0.414,4.8744,0.014896,0.1203125,0.134729074,-0.858133333
D3-4,Mepo,A,L,D,3.481480184,47.92343199,-2.6,3.85,0.0505,1.246666667,0.169,4.481951872,0.705110454,83.73861111,0.3213,4.3679,0.00814,0.15,0.120729346,-0.92247619
D4-4,Mepo,A,L,D,19.29263724,55.25577863,-3,3.44,0.154285714,1.79047619,0.253,9.042553191,1.542993201,69.77413462,0.3792,2.809,0.012,0.126829268,0.077641139,-0.885714286
D5-3,Mepo,A,L,D,15.87284123,51.0563912,-2.4,3.42,0.0872,0.989777778,0.162,13.28244275,0.457603728,46.40211538,0.4975,5.0171,0.015778,0.110638298,0.138673321,-0.849733333
D6-6,Mepo,A,L,D,6.038717192,52.16769436,-2.35,3.91,0.083333333,2.065555556,0.2,4.007530931,0.532325992,34.00735632,0.4194,6.4968,0.0231,0.212195122,0.179572429,-0.78
D7-2,Mepo,A,L,D,12.99837032,46.62684559,-2.75,4.18,0.093095238,1.137142857,0.27,11.46984925,0.530629059,50.00725806,0.405,4.419,0.00882,0.155,0.122141757,-0.916
D8-5,Mepo,A,L,D,43.0219436,45.16853503,-2.1,3.77,0.312555556,3.137777778,0.26,11.47308782,1.760608056,93.42276596,0.3337,10.96,0.04263,0.122077922,0.30293588,-0.594
E2-5,Mepo,A,L,E,10.10398646,52.6687751,-2.8,4.1,0.072944444,1.02,0.128,10.08714597,1.497779937,105.2634247,0.3308,4.0427,0.003885,0.110606061,0.111740774,-0.963
E3-3,Mepo,A,L,E,26.65436229,48.89294697,-2.2,3.45,0.138416667,1.498333333,0.185,14.71078977,1.101815777,35.91446809,0.4253,7.5411,0.013475,0.195833333,0.208437022,-0.871666667
E4-3,Mepo,A,L,E,16.37476278,42.47587869,-2.6,4.39,0.099766667,1.426666667,0.212,8.855140187,1.253631962,49.85775194,0.3477,9.0643,0.017808,0.21147541,0.250538476,-0.8304
E5-8,Mepo,A,L,E,17.24819199,45.53171699,-2,3.8,0.246784816,4.031877785,0.219785211,5.328905067,1.029538492,105.1962264,0.3214,16.88,0.024696,0.117777778,0.466565479,-0.7648
E7-4,Mepo,A,L,E,12.6985383,43.38561488,-2.2,4.51,0.126836503,2.343562056,0.180562145,7.025593161,1.39113882,28.83683636,0.4492,13.76,0.0366,0.218253968,0.380328258,-0.651428571
E8-7,Mepo,A,L,E,12.57990842,44.41072755,-1.8,4.29,0.111974648,1.981119733,0.208602901,8.805281634,0.815964349,15.35830189,0.4608,15.0056,0.050232,0.389705882,0.41475681,-0.5216
G1-4,Mepo,A,H,G,24.33835581,41.27402891,-1.7,4.33,0.382,4.11,0.193,5.539334955,2.941604321,86.73359606,0.3223,28.18,0.0714,0.140972222,0.778899005,-0.32
G2-4,Mepo,A,H,G,24.79143432,36.56005005,-1.6,4.61,0.34,3.807407407,0.194,5.612840467,0.895442333,35.2358209,0.404,126.27,0.2925,0.219672131,3.490119849,1.785714286
G3-9,Mepo,A,H,G,28.10294205,45.55291348,-1,3.72,0.3725,2.979166667,0.213,7.356643357,2.84100925,47.76632022,0.4087,142.12,0.14352,0.159641256,3.92821599,0.366857143
G4-9,Mepo,A,H,G,46.50292681,47.13899279,-1.6,3.39,0.400209104,4.784098673,0.245761955,7.398994134,1.806094733,57.69068966,0.3919,16.14,0.08424,0.143801653,0.446111779,-0.197714286
G5-5,Mepo,A,H,G,19.81200034,46.58222791,-1.7,3.31,0.4275,5.966666667,0.171,3.344972067,4.727432598,125.6075847,0.328,67.22,0.322,0.094023904,1.857969876,2.066666667
G6-5,Mepo,A,H,G,10.74718542,41.20496484,-1.5,3.98,0.11540741,1.822026057,0.21421356,6.770720888,3.483644202,76.09959854,0.3571,35.25,0.05056,0.131100478,0.97431476,-0.51847619
G7-3,Mepo,A,H,G,46.29376297,43.01468618,-1.5,4.16,0.809122807,8.733333333,0.273,4.672559261,2.34408662,83.5148125,0.3565,77.28,0.05964,0.120300752,2.136029635,-0.432
H3-2,Mepo,A,L,H,34.13092909,46.26686765,-2.6,3.79,0.297710319,3.30209653,0.203117317,8.986925043,1.643308073,39.37712389,0.3927,18.772,0.01872,0.209259259,0.518860615,-0.821714286
H4-6,Mepo,A,L,H,19.25366146,42.15095827,-2,4.13,0.187583333,2.376666667,0.301,8.387096774,1.027220765,150.144359,0.232,16.54,0.021714,0.108333333,0.457167833,-0.7932
H5-7,Mepo,A,L,H,36.60065761,48.25315135,-1.75,3.6,0.307333333,2.933333333,0.302,10.86363636,1.327122881,72.47046729,0.3494,22.99,0.02523,0.144594595,0.635446704,-0.759714286
H6-7,Mepo,A,L,H,8.175402009,46.66599547,-1.6,3.52,0.098444444,1.866666667,0.17,5.26984127,1.473277038,106.4580282,0.3399,17.03,0.04488,0.102898551,0.470711499,-0.572571429
H7-4,Mepo,A,L,H,4.902866289,59.83863462,-1.7,2.79,0.030666667,0.443508772,0.102,12.16772152,0.719146082,64.05410714,0.361,4.7417,0.0183,0.151351351,0.131061228,-0.825714286
H8-7,Mepo,A,L,H,25.70918365,38.92832073,-2.65,4.59,0.171305636,2.126806759,0.184914546,11.60069202,2.872556138,40.15640327,0.3945,13.56,0.034496,0.203888889,0.374800231,-0.671466667
I6-5,Mepo,A,M,I,10.20098431,38.26332066,-1.3,2.67,0.127777778,2.583333333,0.2,5.139784946,1.92067222,108.8984946,0.2717,6.264,0.033165,0.157627119,0.173137806,-0.684142857
I7-1,Mepo,A,M,I,5.992790968,39.62432856,-1.1,3.02,0.094533333,1.88,0.115,3.647754137,2.538121611,70.9577512,0.3035,2.1852,0.023828,0.195327103,0.060399223,-0.773066667
I8-5,Mepo,A,M,I,35.19892249,49.40477798,-1.1,2.39,0.697996941,7.018601895,0.209022512,4.526749673,1.655891808,93.91183673,0.375,23.8779,0.07566,0.096078431,0.65998838,-0.279428571
A1-1,Saap,P,M,A,37.29164388,66.43328021,-1.1,3.47,0.421666667,4.013333333,0.27,8.513289037,8.698782814,12.11094568,0.4465,,0.421972,0.527085479,,0.159263736
A3-4,Saap,P,M,A,35.43791767,91.94963222,-1.1,3.15,0.428666667,5.43,0.312,6.292203806,7.433525625,31.24126005,0.3394,341,0.482202,0.353554502,0.484411042,0.324730769
A4-3,Saap,P,M,A,31.25104815,77.69524664,-1.625,3.19,0.366230898,4.738207793,0.318716646,7.231080322,6.782867377,23.91677835,0.357,280.5,0.387021,0.418103448,0.398467148,0.063244505
A7-1,Saap,P,M,A,32.27760364,86.39708806,-1.05,3.09,0.454096098,5.672343168,0.301916899,5.99192614,3.983633707,3.504404503,0.5407,2368.5,0.45936,1.242406015,3.364596933,0.261978022
A8-3,Saap,P,M,A,24.84805603,46.36097771,-1.1,4.132,0.414,5.15,0.197,5.197411003,3.765420376,44.56323529,0.3482,107,0.1014,0.235918367,0.151999946,-0.721428571
B1-7,Saap,P,H,B,25.22321221,120.0635542,-0.8,2.43,0.2045,2.8925,0.271,8.245462403,3.930560583,92.24026946,0.2825,1195.5,0.32472,0.173056995,1.698279769,-0.107912088
B2-5,Saap,P,H,B,46.12905559,110.7534954,-1.2,2.74,0.577903835,5.693525259,0.340817646,7.620207397,5.386190699,72.00694184,0.3579,1303.5,0.85008,0.138082902,1.851700275,1.335384615
B3-4,Saap,P,H,B,37.66141442,89.87853812,-1.25,2.634476917,0.41725,4.5525,0.299,7.885777046,,,,2137,0.709128,,3.035737237,0.948153846
B4-9,Saap,P,H,B,15.3867924,108.2973483,-1.3,2.46,0.155690338,2.844437515,0.275472547,5.991541092,6.877855837,9.561674969,0.4751,813,0.588588,0.589718482,1.154915477,0.617
B6-2,Saap,P,H,B,18.16071044,65.87188363,-1.15,2.41,0.26930688,4.516101612,0.162131601,4.368104794,3.302896371,71.35315403,0.2793,95,0.646,0.22849162,0.134953223,0.774725275
B7-5,Saap,P,H,B,20.87372387,81.95551275,-1.1,3.28206278,0.2015,2.8375,0.256,7.86784141,8.61223942,62.37869505,0.3228,185.5,0.6786,0.195698925,0.263513925,0.864285714
C1-8,Saap,P,H,C,36.50784248,65.9629151,-0.95,3.353620613,0.359666667,3.946666667,0.249,7.795608108,8.358571792,109.4967967,0.316,176.5,0.209475,0.116558442,0.250728883,-0.424519231
C5-7,Saap,P,H,C,34.5684756,78.60396864,-0.6,3.24,0.508666667,5.226666667,0.293,6.326530612,4.699705883,27.88705716,0.3157,1756,0.73458,0.458576052,2.494503785,1.018076923
C7-4,Saap,P,H,C,33.95797948,66.43983137,-0.75,3.56,0.478333333,5.76,0.301,6.076388889,5.294710761,23.5366422,0.3306,687.5,0.4675,0.495454545,0.976635166,0.284340659
C8-3,Saap,P,H,C,37.88471918,108.7711966,-0.9,2.86,0.493333333,5.65,0.349,6.967551622,3.406622837,3.506583137,0.5993,2381.6,1.0368,1.011028316,3.383206272,1.848351648
D1-6,Saap,P,L,D,23.96003385,92.05155491,-1.1,2.38,0.264919342,3.840726396,0.294476155,6.413346115,,,,128,0.18048,,0.181831711,-0.504175824
D2-7,Saap,P,L,D,39.24072359,129.8416431,-1.2,2.75,0.644958095,6.990632546,0.317534342,5.373934037,5.446141288,60.4320916,0.3552,996.5,0.2772,0.167091837,1.415588281,-0.238461538
D3-2,Saap,P,L,D,20.09828319,131.3531493,-1.25,2.86,0.232839892,3.525012684,0.241809993,6.267810182,2.975703496,114.1732051,0.2651,1628,0.70907,0.159183673,2.312672074,0.947994505
D5-4,Saap,P,L,D,28.24786438,101.1542738,-1.075,2.54,0.271875459,3.702650041,0.287303911,8.434347657,,,,,0.03456,,,-0.905054945
D6-1,Saap,P,L,D,28.54391568,120.5954989,-1.45,3.058851224,0.350584016,4.489383629,0.309984831,6.670743376,3.962066817,122.5388936,0.2727,614,0.264248,0.139880952,0.872223989,-0.274043956
E1-2,Saap,P,L,E,20.47335045,52.47867639,-1.1,3.62,0.186467251,3.344373936,0.197229007,6.922820884,,,,,0.07488,,,-0.794285714
E2-7,Saap,P,L,E,34.50669425,132.1215111,-1.3,3.39,0.342918238,4.514633925,0.358876257,8.106369388,7.366202345,13.33722131,0.3461,46.5,0.104832,0.797385621,0.066056051,-0.712
E3-2,Saap,P,L,E,20.91044934,117.3817104,-1.45,3.12,0.189,2.7175,0.263,8.344066237,4.568183986,10.12349581,0.4204,387.5,0.2322,0.711489362,0.550467094,-0.362087912
E4-6,Saap,P,L,E,40.4235994,93.11485116,-1.5,2.84,0.506824731,6.15813352,0.28695487,6.732013268,5.845162341,15.8735903,0.3791,434,0.27846,0.557729469,0.616523145,-0.235
E5-2,Saap,P,L,E,11.51690006,107.4654444,-1.65,2.9,0.099625,1.765,0.241,7.648725212,5.134234164,102.2090909,0.2868,821,0.208624,0.151342282,1.166279959,-0.426857143
E6-7,Saap,P,L,E,5.657681469,56.85097487,-1.1,3.22,0.058148773,0.876369643,,6.873016246,1.095732046,46.84631818,0.3969,299.5,0.128304,0.173228346,0.425457792,-0.647516484
F1-1,Saap,P,M,F,33.37427415,102.9307325,-0.9,3.48,0.3465,4.84,0.338,7.28822314,5.187737825,11.1778833,0.3946,1165.5,0.645491,0.731088083,1.655662962,0.773326923
F2-9,Saap,P,M,F,17.36269628,126.4281421,-1.1,2.556485356,0.175043562,3.245027596,0.297755464,6.41884018,4.427809328,158.5155072,0.2575,259,0.173502,0.121052632,0.367925103,-0.523346154
F3-3,Saap,P,M,F,13.05564561,90.15639569,-1.05,2.48,0.19375,3.46,0.255,5.173410405,2.971523799,19.35891429,0.3293,132,0.345712,0.606435644,0.187513952,-0.050241758
F5-1,Saap,P,M,F,30.86660118,94.93144092,-1.3,2.44,0.13875,1.545,0.248,16.76375405,3.378236086,31.95837259,0.3469,127.5,0.582624,0.331205674,0.181121431,0.600615385
F8-2,Saap,P,M,F,27.4563392,105.8831867,-1.25,3.13,0.4615,5.65,0.271,4.960176991,,,,,0.19596,,,-0.461648352
G1-3,Saap,P,H,G,35.52715489,105.7371925,-0.8,2.73,0.36425,3.8025,0.318,8.704799474,,,,973.5,0.42042,,1.382915395,0.155
G2-5,Saap,P,H,G,26.37396652,87.08859384,-0.9,2.48,0.328,3.33,0.258,7.567567568,,,,,0.106784,,,-0.706637363
G3-4,Saap,P,H,G,30.41625153,97.78572676,-0.8,3.33,0.38375,4.3075,0.315,7.016831109,3.518485637,28.7200939,0.3591,1275,0.566784,0.343548387,1.811214308,0.557098901
G4-3,Saap,P,H,G,21.56588294,85.98384988,-0.8,2.59,0.26875,3.375,0.283,6.688888889,5.76565795,67.24265469,0.3495,308,0.238032,0.155108359,0.437532555,-0.346065934
G5-1,Saap,P,H,G,25.87485381,131.8913985,-0.75,2.6161869,0.49125,5.7275,0.31,4.766477521,,,,2169.6,0.65044,,3.082047501,0.786923077
G6-8,Saap,P,H,G,24.94793774,152.1169458,-0.65,2.125,0.327,3.9075,0.289,6.449136276,5.998607078,22.29391655,0.3179,1015,0.336,0.56541555,1.441868646,-0.076923077
G7-2,Saap,P,H,G,23.2927019,60.35043917,-0.6,2.24,0.34775,4.37,0.231,5.594965675,2.579780713,53.92176,0.3588,,0.109242,0.183823529,,-0.699884615
G8-5,Saap,P,H,G,30.38692418,87.00701198,-0.9,2.35,0.55825,6.4525,0.271,4.730724525,6.497850576,54.08368946,0.3544,775.5,0.827925,0.1872,1.101644468,1.274519231
H1-1,Saap,P,L,H,26.73999419,81.11078267,-1.4,3.45,0.307333333,4.313333333,0.278,6.931993818,4.143301341,33.64490028,0.299,,0.3219,0.422891566,,-0.115659341
H2-2,Saap,P,L,H,19.75448041,108.2794601,-1.5,3.09,0.166666667,2.686666667,0.342,8.759305211,1.957516647,123.7923125,0.2522,4,0.19152,0.161616162,0.005682241,-0.473846154
H4-2,Saap,P,L,H,27.7445141,95.87411017,-1.7,2.91,0.20725,2.4975,0.252,9.499499499,6.361922975,33.95056476,0.3734,,0.1044,0.268811881,,-0.713186813
H5-1,Saap,P,L,H,44.37610082,116.671429,-1.8,3.68,0.299,3.125,0.363,13.272,2.719428974,18.21085903,0.3169,213.5,0.332196,0.694897959,0.303289612,-0.087373626
H7-7,Saap,P,L,H,,92.63776725,-1.75,4.32,,,,,1.08301742,79.92732143,0.2672,30,0.076,0.224,0.042616807,-0.791208791
H8-6,Saap,P,L,H,25.8167788,103.0859922,-1.4,3.31,0.147,1.86,0.331,13.8172043,4.399094697,10.40809255,0.3731,325,0.24115,0.879192547,0.461682079,-0.3375
I2-9,Saap,P,M,I,21.96130446,103.1179924,-1.15,2.52,0.283,4.3625,0.322,6.223495702,8.523721404,47.52803458,0.3992,105,0.1675,0.168042813,0.149158825,-0.539835165
I3-3,Saap,P,M,I,17.82629269,115.7935226,-1.3,1.52,0.27475,4.715,0.263,4.67126193,3.478738498,101.8685274,0.2602,14.5,0.0666,0.184810127,0.020598124,-0.817032967
I4-3,Saap,P,M,I,43.89933129,113.452794,-1,2.5,0.522837011,6.076115966,0.366579882,7.202020555,1.985276138,68.49754386,0.3172,850.5,0.42032,0.185064935,1.208186486,0.154725275
I5-4,Saap,P,M,I,13.46321248,121.2020876,-0.8,2.08,0.09014576,1.577621182,0.22145317,9.876849869,,,,10.5,0.329208,,0.014915883,-0.095582418
I7-7,Saap,P,M,I,36.42708095,87.57267783,-1.1,3.219000892,0.5095,5.595,0.304,6.246648794,3.256093609,28.87302222,0.4569,,0.216664,0.211267606,,-0.404769231
I8-1,Saap,P,M,I,27.11256425,110.9053942,-1.1,2.42,0.23175,2.97,0.331,9.141414141,,,,629.1,0.316572,,0.893674448,-0.130296703
